Name,RpName,is_repeater,maha_score,lof_median_rank,eif_score
FRB20180904A,-9999,False,13.766915227116835,424.0,0.3926044901775541
FRB20180906A,-9999,False,116.33642526281909,294.0,0.42748536225900824
FRB20180906B,-9999,False,12.831431648912922,35.0,0.47996234049328246
FRB20180907D,-9999,False,66.54383520487147,149.0,0.44620721818921777
FRB20180907A,-9999,False,11.210035248050072,227.0,0.40039882513283664
FRB20180907B,-9999,False,6.650545784769304,234.0,0.40856328992482344
FRB20180907C,-9999,False,28.733448357889955,230.0,0.4216435684050597
FRB20180907E,-9999,False,27.678651499538592,143.0,0.4239670485829454
FRB20180908B,FRB20180908B,True,894.982413221111,436.0,0.4153286667820675
FRB20180909A,-9999,False,19.85725236693298,26.0,0.47121200094077126
FRB20180910A,-9999,False,16.16526522267256,122.0,0.45433351655860565
FRB20180915A,-9999,False,2.782459547801031,452.0,0.3790902916527705
FRB20180915B,-9999,False,52.185035257715214,36.0,0.4766589775342424
FRB20180916A,-9999,False,11.507055083836317,93.0,0.46919650372808885
FRB20180916B,FRB20180916B,True,1220.772780899641,425.0,0.42616188920520054
FRB20180916C,-9999,False,936.7898258989875,29.0,0.5006519628501459
FRB20180917B,-9999,False,2.5447246613666685,365.0,0.38639785771568524
FRB20180917A,FRB20180814A,True,1193.227534560832,22.0,0.5535378715186139
FRB20180917A,FRB20180814A,True,1585.54657081255,63.0,0.5225608670888159
FRB20180917A,FRB20180814A,True,1685.9788420395298,46.0,0.5376261195757583
FRB20180918A,-9999,False,29.831671413751764,222.0,0.4077505259947461
FRB20180919B,-9999,False,4.120276716158132,461.0,0.38190580676244607
FRB20180919A,FRB20180814A,True,7636.735624854947,87.0,0.4842450338671325
FRB20180920A,-9999,False,80.40816611369503,450.0,0.39647024592768
FRB20180920B,-9999,False,4014.1223789301357,323.0,0.4160253506102527
FRB20180921A,-9999,False,3.357875316466147,470.0,0.3761318896012022
FRB20180922A,-9999,False,19.236428633535272,135.0,0.41195521592517886
FRB20180923A,-9999,False,150.9333741644217,137.0,0.46169410671721284
FRB20180923D,-9999,False,1053.000798208346,59.0,0.5026273326339723
FRB20180923C,-9999,False,8.346625252290014,238.0,0.4116132853565748
FRB20180924A,-9999,False,32.49791460285381,273.0,0.4118219253873315
FRB20180925A,-9999,False,114.8406026180172,85.0,0.4871852340140175
FRB20180925B,-9999,False,40.26612799878114,529.0,0.367014578630271
FRB20181012B,-9999,False,5964.9516400434495,104.0,0.46026563230466533
FRB20181013A,-9999,False,5.3090747296309475,469.0,0.3891028637410821
FRB20181013E,-9999,False,14.729006942294598,420.0,0.3928280392059146
FRB20181013B,-9999,False,17.74365761091941,74.0,0.4941137220809745
FRB20181013C,-9999,False,7.593514479068168,307.0,0.4161704575943221
FRB20181014A,-9999,False,51.874112247446334,163.0,0.4309635904716496
FRB20181014B,-9999,False,4.06384369181556,530.0,0.3680298011337859
FRB20181014C,-9999,False,44.136060561780056,465.0,0.3751952919312593
FRB20181014D,-9999,False,40.8877643514014,139.0,0.46903277231527285
FRB20181015A,-9999,False,7.556255929169022,550.0,0.3740721486998448
FRB20181017B,-9999,False,1262.640345358334,423.0,0.4235358771197479
FRB20181017A,FRB20181017A,True,142.9529516728222,117.0,0.4720318270531502
FRB20181018B,-9999,False,6.39620292385711,310.0,0.4260081823099697
FRB20181018A,-9999,False,108.51337928160888,70.0,0.48316381010258413
FRB20181018C,-9999,False,4.8346677288563376,437.0,0.382883837657595
FRB20181019A,FRB20180916B,True,1701.991786019785,392.0,0.4303611495254735
FRB20181019A,FRB20180916B,True,408.5169740047304,436.0,0.4020908970256047
FRB20181019B,-9999,False,1.999123568251539,557.0,0.36457759955925595
FRB20181019C,-9999,False,136.09329779792586,283.0,0.4202185805798371
FRB20181020A,-9999,False,4.885278041717384,477.0,0.38586828502067155
FRB20181022C,-9999,False,3.3283080975903303,525.0,0.3738118770015891
FRB20181022D,-9999,False,140.22828306256682,220.0,0.43786666773779653
FRB20181022E,-9999,False,128.03872746244178,436.0,0.4034079478812232
FRB20181025A,-9999,False,7.038466707744986,402.0,0.41592248311456537
FRB20181027A,-9999,False,91.15480101591815,49.0,0.4734855808356405
FRB20181028A,FRB20180814A,True,2621.797191140498,52.0,0.5423680818961685
FRB20181028A,FRB20180814A,True,3014.3463997105237,75.0,0.5251452601671363
FRB20181028A,FRB20180814A,True,6267.803628680896,49.0,0.5362776087969215
FRB20181028A,FRB20180814A,True,12707.062212867993,35.0,0.5341847089336992
FRB20181028A,FRB20180814A,True,42501.746527792595,5.0,0.5822818491022114
FRB20181030C,-9999,False,8.076569558499143,507.0,0.37204754606157103
FRB20181030A,FRB20181030A,True,41.285523653905905,48.0,0.5134046204162043
FRB20181030B,FRB20181030A,True,67.05182659145298,77.0,0.4623361555307319
FRB20181030D,-9999,False,4.759797597611138,409.0,0.3976427159280163
FRB20181030E,-9999,False,235.2311532160676,210.0,0.41813173363210926
FRB20181101A,-9999,False,33.93351552202783,131.0,0.46005726917427053
FRB20181102A,-9999,False,114.22360623046087,288.0,0.4103696225424832
FRB20181104A,FRB20180916B,True,610.5906303393441,372.0,0.4197355566009094
FRB20181104B,FRB20180916B,True,436.6300924247865,211.0,0.4370355171620577
FRB20181104C,-9999,False,9.193482697760567,183.0,0.45878221745126013
FRB20181104C,-9999,False,14.299502005230966,146.0,0.4586309172743148
FRB20181115A,-9999,False,189.6130658193921,419.0,0.39688910413045725
FRB20181116A,-9999,False,4.974413942335105,400.0,0.3855130389799381
FRB20181116B,-9999,False,43.252234503316664,179.0,0.44466351785430236
FRB20181117C,-9999,False,1237.1591082555606,8.0,0.5201695556363657
FRB20181117A,-9999,False,104.72778878634155,223.0,0.4287826618025522
FRB20181117B,-9999,False,2.6752932346947915,378.0,0.38358259632841146
FRB20181117B,-9999,False,17.77075308492084,192.0,0.4000157175680402
FRB20181118A,-9999,False,24.253104136152903,273.0,0.41659785596655313
FRB20181118B,-9999,False,2.722191579620967,495.0,0.37237005363967923
FRB20181118C,FRB20180814A,True,1016.2342795026965,62.0,0.5024141599063705
FRB20181119B,-9999,False,14.806182297328355,20.0,0.5039483713630817
FRB20181119E,-9999,False,3.4002569022845095,512.0,0.3751598239208248
FRB20181119D,FRB20121102A,True,1937.5478802138184,302.0,0.4697421720649073
FRB20181119D,FRB20121102A,True,2305.3504113215126,122.0,0.49678808754894743
FRB20181119D,FRB20121102A,True,1778.3883624051311,144.0,0.5111381296459065
FRB20181119A,FRB20181119A,True,607.6598438588056,179.0,0.48428782592695685
FRB20181119C,-9999,False,7.672051361365276,363.0,0.3918781934662271
FRB20181120B,FRB20180916B,True,249.3280941594457,314.0,0.4045167827794919
FRB20181120C,FRB20180814A,True,829.4301952445487,270.0,0.44034737538722524
FRB20181122A,-9999,False,14.5406711728462,229.0,0.43127372708698947
FRB20181122B,-9999,False,12.52982930140716,90.0,0.5191029436267525
FRB20181123A,-9999,False,119.74774582267501,468.0,0.3851747708796484
FRB20181124B,-9999,False,141.1670909374502,98.0,0.46736355680547914
FRB20181124A,-9999,False,16.860431867792254,277.0,0.39552865907615037
FRB20181125A,-9999,False,343.0293855292765,478.0,0.3963647293464034
FRB20181125A,-9999,False,150.6722427348041,414.0,0.39161335199246905
FRB20181125A,-9999,False,536.6938657396443,421.0,0.4038650905546068
FRB20181126A,-9999,False,1176.4463081243766,109.0,0.4525149585203911
FRB20181127A,-9999,False,78.26571861823098,450.0,0.38344889509545804
FRB20181128A,FRB20181128A,True,1868.4528518028624,463.0,0.4469588332477386
FRB20181128A,FRB20181128A,True,37.41483584189016,400.0,0.3895060320062172
FRB20181128B,-9999,False,11.916202686506045,253.0,0.4067613489640788
FRB20181128D,-9999,False,19.704840562644396,31.0,0.4698587352426081
FRB20181128C,-9999,False,219.00326232388394,475.0,0.3896653109835695
FRB20181128C,-9999,False,120.21586908165466,26.0,0.47826506531685303
FRB20181129A,-9999,False,2.276364490095447,502.0,0.37792827311627497
FRB20181129B,-9999,False,1151.9803516205475,202.0,0.4850670290815375
FRB20181129C,-9999,False,5.039804193013415,475.0,0.3675935525883946
FRB20181130A,-9999,False,383.461165356892,320.0,0.4427485304750967
FRB20181201A,-9999,False,12.319939263277291,121.0,0.4793072978350772
FRB20181201B,-9999,False,3.667476490272324,530.0,0.3781001654346618
FRB20181202A,-9999,False,4.96014647162252,282.0,0.3837687197033858
FRB20181202B,-9999,False,4.809922206956551,422.0,0.37903323432930214
FRB20181202C,-9999,False,9.380153868297686,135.0,0.4069430001763395
FRB20181203A,-9999,False,99.32797623531927,116.0,0.4669237797689083
FRB20181203B,-9999,False,1252.1952895297431,322.0,0.4199182355040181
FRB20181203C,-9999,False,17.840322082167045,45.0,0.4708589739362773
FRB20181213A,-9999,False,2.662179424319894,555.0,0.3781068366472309
FRB20181213B,-9999,False,988.7832054738308,269.0,0.40819474733598604
FRB20181213C,-9999,False,4.964614293911826,498.0,0.3850820283794458
FRB20181214A,-9999,False,3988.5578939485035,111.0,0.46744928011056164
FRB20181214B,-9999,False,7.844493491383853,504.0,0.39812599881514554
FRB20181214C,-9999,False,3.003183105735654,516.0,0.38729816240736126
FRB20181214D,-9999,False,42.7731995525775,131.0,0.4347521865342028
FRB20181214F,-9999,False,761.3438548480734,76.0,0.46611437270365047
FRB20181215A,-9999,False,7.496686289942806,322.0,0.42224791529742556
FRB20181215B,-9999,False,4.753651892349303,443.0,0.38626235348307814
FRB20181216A,-9999,False,50.994341957144684,173.0,0.42722927550953577
FRB20181217A,-9999,False,13.56605244639681,289.0,0.4033523122125558
FRB20181218A,-9999,False,815.6509683294416,39.0,0.46905298524142186
FRB20181218B,-9999,False,3.410456865471902,520.0,0.38789448535667254
FRB20181218C,-9999,False,10.010684094181192,118.0,0.42904798876890204
FRB20181219B,-9999,False,125.76145249539873,7.0,0.5112000236435819
FRB20181219C,-9999,False,4.63916584461668,280.0,0.41896719894074547
FRB20181219A,FRB20181128A,True,11.328556125052545,308.0,0.41346279298880606
FRB20181220A,-9999,False,17.475206736540137,286.0,0.4178371712921266
FRB20181220B,-9999,False,6.65847088356859,396.0,0.39389471424249534
FRB20181221A,-9999,False,496.2381193866693,357.0,0.4290502047296174
FRB20181221B,-9999,False,98.03621667120926,271.0,0.3912605024939952
FRB20181222A,FRB20180916B,True,2216.5803724842253,20.0,0.5552883841039502
FRB20181222A,FRB20180916B,True,1779.4516058445654,45.0,0.5332646537254734
FRB20181222A,FRB20180916B,True,2037.845885410414,57.0,0.541848058636577
FRB20181222A,FRB20180916B,True,2087.3923799039485,29.0,0.5461186858631196
FRB20181222B,-9999,False,5.081754645123779,420.0,0.3961094190976869
FRB20181222C,-9999,False,2.8090435061050005,529.0,0.38195417563507805
FRB20181222D,-9999,False,128.09986476876762,109.0,0.46024288850803546
FRB20181222E,-9999,False,12.09714511587221,360.0,0.3948903581047643
FRB20181222E,-9999,False,9.908943681549454,433.0,0.37148679860308326
FRB20181223A,FRB20180916B,True,442.35379899156163,344.0,0.40561262963815287
FRB20181223A,FRB20180916B,True,108.02625398221419,241.0,0.43008274612293795
FRB20181223B,-9999,False,346.20395110416786,398.0,0.3966467705816581
FRB20181223C,-9999,False,18.415039550099646,37.0,0.4807836428502308
FRB20181224A,-9999,False,10.444276417505653,319.0,0.42044013163539545
FRB20181224B,-9999,False,2.310872655419908,543.0,0.38243026686870274
FRB20181224C,-9999,False,8.00383195737314,287.0,0.42888944249949945
FRB20181224D,-9999,False,3.2599681842858415,518.0,0.38191343947793993
FRB20181224E,-9999,False,3.9368838824597425,351.0,0.38432216298483896
FRB20181224E,-9999,False,5.859102088140734,317.0,0.4004065249519278
FRB20181225A,FRB20180916B,True,2413.379417315239,290.0,0.4145505054873375
FRB20181225B,-9999,False,3.621560203657511,351.0,0.3823939244161217
FRB20181226C,-9999,False,4.223683607869707,510.0,0.38607253896676064
FRB20181226A,FRB20180916B,True,1327.1363211981843,262.0,0.44607186916150765
FRB20181226A,FRB20180916B,True,767.9206810847287,278.0,0.45853352117105806
FRB20181226D,-9999,False,4.018065889438676,483.0,0.381439212704473
FRB20181226B,-9999,False,9.825493786719662,125.0,0.4632163172383544
FRB20181226B,-9999,False,9.649661897675223,106.0,0.47303614380189035
FRB20181226B,-9999,False,14.695079867138672,123.0,0.48924715227989635
FRB20181226E,-9999,False,18.969901412416693,343.0,0.40345926566776674
FRB20181227A,-9999,False,36.6936978248345,376.0,0.3889792782894497
FRB20181228A,-9999,False,1.4490489808358842,543.0,0.3580022038517874
FRB20181228B,-9999,False,31727.367962272463,2.0,0.5859915628566346
FRB20181228C,-9999,False,8.04231762087183,403.0,0.42325399937333263
FRB20181229A,-9999,False,5.6659868304673955,235.0,0.4023875251168532
FRB20181229B,-9999,False,1481.2856511387013,331.0,0.408484570465208
FRB20181230A,-9999,False,621.9641892515717,96.0,0.4686444237307295
FRB20181230B,-9999,False,6.044257728592627,227.0,0.40507066874272263
FRB20181230C,-9999,False,14.569671719724695,309.0,0.4025737594056256
FRB20181230D,-9999,False,115.68620692957177,107.0,0.45995243581548667
FRB20181230E,-9999,False,5.1670781434502695,225.0,0.38476155362682635
FRB20181231A,-9999,False,16.17673562737125,223.0,0.41554787328137166
FRB20181231B,-9999,False,1722.974095360216,135.0,0.45294142247144215
FRB20181231C,-9999,False,4.3697314349530085,361.0,0.40257115584648306
FRB20190101A,-9999,False,8.080790539332293,300.0,0.43125797345611433
FRB20190101B,-9999,False,1012.4467466787166,86.0,0.4632553525165682
FRB20190102A,-9999,False,115.56559662141638,490.0,0.37870177310717484
FRB20190102B,-9999,False,2.445724899727191,486.0,0.37792589031470547
FRB20190103B,-9999,False,11.138340425240862,365.0,0.4077843890272957
FRB20190103C,-9999,False,16.325053548151626,73.0,0.41436989505539573
FRB20190103A,FRB20181119A,True,742.7364532439786,348.0,0.4306934539431371
FRB20190103D,-9999,False,13.66627038056282,128.0,0.436533303055026
FRB20190103E,-9999,False,3.1918797687187332,497.0,0.3748959816729226
FRB20190104A,-9999,False,12.229963649547797,163.0,0.4315516980301091
FRB20190104A,-9999,False,15.094780191299572,212.0,0.42022497426588434
FRB20190104B,-9999,False,133.69357010741808,217.0,0.46531892818393017
FRB20190105A,-9999,False,134.1757198980152,185.0,0.4478897462178676
FRB20190106A,-9999,False,62.37282063515048,143.0,0.4488737874388681
FRB20190106B,-9999,False,404.2760612521636,396.0,0.3878603586476724
FRB20190107A,-9999,False,23.938965470552287,34.0,0.5422351586014665
FRB20190107B,-9999,False,7.683427395439749,215.0,0.4301472783162065
FRB20190109A,-9999,False,4.704250014957444,323.0,0.3811642444302585
FRB20190109A,-9999,False,5.645779908292135,242.0,0.3893481071732026
FRB20190109B,-9999,False,1124.6624528694572,206.0,0.45641978729912347
FRB20190110A,-9999,False,4679.531842618069,126.0,0.4555990530317359
FRB20190110B,-9999,False,6.083897722213556,458.0,0.395487254278872
FRB20190110C,-9999,False,9337.452097272775,63.0,0.481498489168533
FRB20190111A,-9999,False,15.892831859208629,110.0,0.45049290126782127
FRB20190111A,-9999,False,11.72565298500115,193.0,0.43055439619635716
FRB20190111A,-9999,False,12.825463550596243,126.0,0.44375478892277315
FRB20190111B,-9999,False,20.913874840256007,10.0,0.49665850874516054
FRB20190112A,-9999,False,1878.8985506365536,276.0,0.46612856156203897
FRB20190113A,-9999,False,51.646971869727096,326.0,0.41205379169041284
FRB20190114A,-9999,False,1692.0215404488147,276.0,0.4230055570234987
FRB20190115A,-9999,False,3.0694928034612095,507.0,0.39314396875233043
FRB20190115B,-9999,False,3.1274543475017285,532.0,0.3689644864301173
FRB20190116E,-9999,False,40.94702818404969,156.0,0.44372677591222875
FRB20190116D,-9999,False,4.999329678608554,431.0,0.4060113266171826
FRB20190116A,FRB20190116B,True,272.75603714774047,315.0,0.4176891183955799
FRB20190116B,FRB20190116B,True,84.96624667454431,501.0,0.38059665019836936
FRB20190116C,-9999,False,85.85837331301505,23.0,0.573595260559227
FRB20190116F,-9999,False,15.063109100446002,263.0,0.39280640567484104
FRB20190117C,-9999,False,13.383706019738444,291.0,0.4103778289129442
FRB20190117D,-9999,False,10.917204374956539,377.0,0.40193129117075765
FRB20190117A,FRB20190117A,True,397.15722860419373,386.0,0.42120137084268844
FRB20190118B,-9999,False,43.94232510001646,234.0,0.4220528996211632
FRB20190118A,-9999,False,117.46635482170744,82.0,0.5351977196972939
FRB20190121A,-9999,False,2.4868125929903315,362.0,0.37858945789612974
FRB20190122B,-9999,False,49.317773475887975,276.0,0.40684679662415496
FRB20190122C,-9999,False,50.80117747567852,58.0,0.49741634461024575
FRB20190122C,-9999,False,51.28647265608092,43.0,0.5069165887543469
FRB20190122C,-9999,False,52.961556825470375,32.0,0.5015869533967903
FRB20190122C,-9999,False,73.46374796316596,5.0,0.5615894055732178
FRB20190122C,-9999,False,49.65592540283041,56.0,0.4978445310879875
FRB20190122C,-9999,False,61.46962113660651,12.0,0.5482234476012905
FRB20190122A,-9999,False,52.57871923095992,97.0,0.4958279988844466
FRB20190124A,-9999,False,7.234740331231883,291.0,0.44310838838911715
FRB20190124B,-9999,False,4.957606291699014,296.0,0.3993537690550299
FRB20190124C,-9999,False,9.658413877487867,279.0,0.4251459147984928
FRB20190124C,-9999,False,7.2003807522685435,228.0,0.40310625875519324
FRB20190124D,-9999,False,5.893257415934028,415.0,0.3892007907025262
FRB20190124E,-9999,False,11.088220538028882,279.0,0.41281336420732495
FRB20190124F,-9999,False,11.160162417422011,216.0,0.42412276958703665
FRB20190125A,-9999,False,543.4068247161275,384.0,0.41633159290227456
FRB20190125B,-9999,False,15.15229585752766,101.0,0.4417511733831717
FRB20190126A,FRB20180916B,True,872.7886883074763,504.0,0.4032420171326139
FRB20190127B,-9999,False,9.719534564984743,267.0,0.42796158614397695
FRB20190128A,-9999,False,4.447493535510962,524.0,0.37896044429100467
FRB20190128B,-9999,False,10.064175813010005,132.0,0.41258718229799374
FRB20190128C,-9999,False,77.664294115775,324.0,0.41986911176715086
FRB20190128D,-9999,False,1.6021606233088288,503.0,0.37158481966003193
FRB20190129A,-9999,False,1055.7325133455054,357.0,0.43410132110748234
FRB20190130A,-9999,False,194.47689787178072,223.0,0.3990596509008541
FRB20190130B,-9999,False,887.0261057556601,69.0,0.4705159956634598
FRB20190131E,-9999,False,149.40739409182152,185.0,0.4418186165299884
FRB20190131D,-9999,False,6.342025176063453,250.0,0.41227736947269406
FRB20190131D,-9999,False,4.9294812678447855,335.0,0.40235817628624293
FRB20190131C,-9999,False,5.118275393590089,489.0,0.37891026612436723
FRB20190131B,-9999,False,123.35066608637877,126.0,0.4390261579378821
FRB20190201B,-9999,False,5.8183359215881225,449.0,0.37785199920831747
FRB20190201A,-9999,False,7.690189918591841,393.0,0.39635240755523704
FRB20190202B,-9999,False,2.3903388276958357,506.0,0.37072662518910243
FRB20190202A,-9999,False,39.07006912161783,9.0,0.5989734975451351
FRB20190203B,-9999,False,4.504650251838035,353.0,0.4025508954391098
FRB20190203A,-9999,False,275.0106027319242,463.0,0.38235952526202577
FRB20190203C,-9999,False,122.90391133142481,275.0,0.4285612861814411
FRB20190204A,-9999,False,68.57213829698777,434.0,0.4076130486264067
FRB20190204B,-9999,False,9.583509845162494,213.0,0.411274782774702
FRB20190205A,-9999,False,53.41228973850736,495.0,0.37679555466151604
FRB20190206C,-9999,False,5.2562038394152095,505.0,0.37698071066065114
FRB20190206B,-9999,False,17.17120028075118,278.0,0.4173148597710774
FRB20190206A,-9999,False,221.84764215397556,334.0,0.41974944840639766
FRB20190208B,-9999,False,14.022991138141496,24.0,0.530395864047196
FRB20190208C,-9999,False,105.63897440146437,361.0,0.39360522413690513
FRB20190208A,FRB20190208A,True,845.397574441187,385.0,0.4052598910983037
FRB20190208A,FRB20190208A,True,1346.720741317132,176.0,0.4620141364049269
FRB20190208A,FRB20190208A,True,847.5162527918619,164.0,0.4619650373400025
FRB20190208A,FRB20190208A,True,840.9966659780271,237.0,0.4412897742835366
FRB20190209A,FRB20190209A,True,488.1278227641524,524.0,0.38395168492087345
FRB20190210B,-9999,False,4.4811796338024825,387.0,0.3957498763290871
FRB20190210C,-9999,False,4.742655040550691,337.0,0.40565529547194273
FRB20190210A,FRB20190209A,True,644.7727990509097,233.0,0.43569864658652446
FRB20190210D,-9999,False,105.60463320453263,181.0,0.4099483696426295
FRB20190210E,-9999,False,46.882579458476755,544.0,0.3715820942134239
FRB20190211A,-9999,False,678.1682367247297,116.0,0.4305877222581171
FRB20190211B,-9999,False,23.792755931818636,30.0,0.5076758226341478
FRB20190212B,-9999,False,5.7116610975029944,311.0,0.4014306061749924
FRB20190212C,-9999,False,5.968745282869567,370.0,0.4206341757212084
FRB20190212D,-9999,False,13.01005483481976,128.0,0.4414942999440286
FRB20190212A,FRB20190212A,True,20.76319157398162,336.0,0.39087295396508526
FRB20190213A,FRB20190213A,True,504.4430934526032,440.0,0.39071965448986934
FRB20190213C,-9999,False,122.98965286386002,222.0,0.4340238464978786
FRB20190213B,FRB20190212A,True,1498.0821922265304,349.0,0.4198407717566347
FRB20190213B,FRB20190212A,True,592.2042228593452,164.0,0.4526203604921967
FRB20190213D,-9999,False,286.62557847031894,184.0,0.418398508143732
FRB20190214A,-9999,False,129.808666648742,28.0,0.5208029903048289
FRB20190214C,-9999,False,4.54732862517137,389.0,0.3694873829199548
FRB20190215B,-9999,False,4.141326090578005,402.0,0.3920899988803329
FRB20190216A,FRB20181017A,True,79.4195930119373,6.0,0.5489371983652092
FRB20190217A,-9999,False,4.534153937852066,368.0,0.4055918742603809
FRB20190217B,-9999,False,8.31620801151582,173.0,0.41866096476888925
FRB20190218A,-9999,False,3.120004632672106,466.0,0.38333336068752544
FRB20190218B,-9999,False,671.8044252022072,368.0,0.42534568326128513
FRB20190218C,-9999,False,19.675210907552795,38.0,0.5482555709623298
FRB20190219A,-9999,False,4.995053898901266,502.0,0.40528419336714566
FRB20190219B,-9999,False,9.695880733884715,194.0,0.4552032390912903
FRB20190219C,-9999,False,6.841574716275322,350.0,0.4008249422230967
FRB20190220A,-9999,False,13.098770795440904,189.0,0.434924710545153
FRB20190221A,-9999,False,18.27785840978168,357.0,0.397473558177111
FRB20190221B,-9999,False,6.560044421930343,232.0,0.4116903673389802
FRB20190221C,-9999,False,80.70273300433614,105.0,0.4436060220980471
FRB20190221D,-9999,False,4.051046385428411,474.0,0.3818372563215672
FRB20190222B,-9999,False,9.772149380547873,301.0,0.41206659149023833
FRB20190222C,-9999,False,335.5654435886201,482.0,0.40436593054811537
FRB20190222A,FRB20190222A,True,5802.7301006527905,166.0,0.46156049014452705
FRB20190222D,-9999,False,6.038057126492992,403.0,0.3980864920180111
FRB20190223A,-9999,False,1497.915425921179,465.0,0.39681922670819186
FRB20190223B,-9999,False,12.233820985946776,320.0,0.4110958370091043
FRB20190224A,-9999,False,888.4880320667228,154.0,0.4442564610523255
FRB20190224B,-9999,False,2.688138906772021,494.0,0.3768764020169659
FRB20190224C,-9999,False,35.219590458821166,83.0,0.4563518095204134
FRB20190224D,-9999,False,3.2283986890659033,435.0,0.3838739440634633
FRB20190224E,-9999,False,1.5008863545139253,502.0,0.3736429512551836
FRB20190226A,-9999,False,4.268772176289497,476.0,0.39712929030314836
FRB20190226B,-9999,False,245.31824860825577,325.0,0.4126698537564249
FRB20190226C,-9999,False,175.50894940588418,483.0,0.4003094720040181
FRB20190227A,-9999,False,13.407734475759714,373.0,0.39469573406355263
FRB20190227B,-9999,False,10.1041598890088,187.0,0.4197396413761492
FRB20190228A,-9999,False,1365.3530783142508,113.0,0.4965082287168892
FRB20190228B,-9999,False,15.373382563192651,18.0,0.49913194934658617
FRB20190301B,-9999,False,15.12878945833698,400.0,0.39830547668147026
FRB20190301C,-9999,False,6.260539579781583,241.0,0.4180965103022571
FRB20190301D,-9999,False,67.8713580338873,175.0,0.42508359128494366
FRB20190301A,FRB20190222A,True,1569.535312081842,487.0,0.4266181813095476
FRB20190301A,FRB20190222A,True,1180.159332806192,473.0,0.4311007266604097
FRB20190302A,-9999,False,17.853611387371704,28.0,0.5148984792360605
FRB20190303B,-9999,False,13.406790559946012,79.0,0.5045087551073523
FRB20190303C,-9999,False,2.4521984524455545,523.0,0.3795878075745571
FRB20190303D,-9999,False,2.9044405233270307,481.0,0.38797654461128256
FRB20190303A,FRB20190303A,True,1771.1964630553764,318.0,0.43171365899421343
FRB20190304A,-9999,False,951.1140458389528,424.0,0.39278991042476424
FRB20190304B,-9999,False,7.2148347149271626,408.0,0.40026471319313783
FRB20190304C,-9999,False,733.1507272579796,508.0,0.3936049520215985
FRB20190307A,-9999,False,77.44573113328192,62.0,0.4483246139770059
FRB20190307B,-9999,False,278.0988461958446,18.0,0.5028097564321276
FRB20190308C,-9999,False,287.69533032699167,416.0,0.4043802630083709
FRB20190308C,-9999,False,319.45598240788865,465.0,0.39002147937316545
FRB20190308B,-9999,False,93.46558883056245,138.0,0.47057688760678756
FRB20190308B,-9999,False,61.97830938400311,204.0,0.43252148428193216
FRB20190309A,-9999,False,458.49510122512925,439.0,0.4167324960618229
FRB20190313B,-9999,False,8.698751773206668,281.0,0.41837880771255986
FRB20190313A,FRB20181119A,True,208.88048629386833,232.0,0.41554044172302823
FRB20190316A,-9999,False,5.161627771400012,546.0,0.36852412491723147
FRB20190317A,-9999,False,8.25663077519463,398.0,0.39863077133916613
FRB20190317B,-9999,False,3.891733941976216,477.0,0.37299372534790115
FRB20190317C,-9999,False,8.4474754030499,316.0,0.4141130890036616
FRB20190317F,-9999,False,8.022783680796048,229.0,0.43269766872598053
FRB20190317E,-9999,False,123.6857206953018,232.0,0.4316797221886543
FRB20190318A,-9999,False,6.9507254273559935,208.0,0.40860855002892615
FRB20190319A,-9999,False,17.877687556225975,70.0,0.44790141914633197
FRB20190320A,-9999,False,3.467261865237538,546.0,0.3741388047076703
FRB20190320B,-9999,False,2.9667379388595605,527.0,0.37146834787908667
FRB20190320C,-9999,False,2.757872008254813,537.0,0.37355482057166706
FRB20190320D,-9999,False,13.135841582699916,206.0,0.4525391419916899
FRB20190320E,-9999,False,5.6271018506603765,338.0,0.4053341949694143
FRB20190322A,-9999,False,5.179266859105957,348.0,0.4098520380231102
FRB20190322B,-9999,False,2.119541962944151,542.0,0.3751275540446337
FRB20190322C,-9999,False,16.734427533680048,69.0,0.47489040233906477
FRB20190323A,-9999,False,5.498498858735656,413.0,0.393054089667816
FRB20190323B,-9999,False,11.481622827838825,43.0,0.49905549174997915
FRB20190323C,-9999,False,5.901847058094536,301.0,0.3915676957637192
FRB20190323D,-9999,False,32.52535947078885,104.0,0.46116169426025866
FRB20190325A,-9999,False,4.549529281728466,388.0,0.38813904232343416
FRB20190325B,-9999,False,4.682123700550322,352.0,0.3982353268033407
FRB20190325C,-9999,False,3.277524344029341,393.0,0.3833914026738545
FRB20190326A,-9999,False,6.004738152083542,384.0,0.39262003022623626
FRB20190328A,-9999,False,12.504965386463269,86.0,0.48337054844505783
FRB20190328B,-9999,False,5.757291693711275,439.0,0.3711145963415917
FRB20190328C,-9999,False,5.757155031437089,355.0,0.40490119751529946
FRB20190329A,-9999,False,19371.29108462061,43.0,0.495510189295548
FRB20190330A,-9999,False,6.503238643328504,332.0,0.3971451227395525
FRB20190330B,-9999,False,5.150104014619508,344.0,0.40092059561639903
FRB20190401A,-9999,False,3.4473697336856475,348.0,0.3862128541571326
FRB20190402A,-9999,False,15.272435860273042,61.0,0.4459247326614133
FRB20190403G,-9999,False,156.67873641370142,426.0,0.3949951721771066
FRB20190403A,-9999,False,2.6743069447284853,515.0,0.3631211018598836
FRB20190403B,-9999,False,5.8523739472286485,178.0,0.41584923962263476
FRB20190403C,-9999,False,5.126028530058983,362.0,0.40052562476637016
FRB20190403D,-9999,False,3.269122824126233,519.0,0.37634048191785596
FRB20190403E,-9999,False,339.0401884425009,32.0,0.5219431269227116
FRB20190403F,-9999,False,7.542006039832853,248.0,0.4163954050178457
FRB20190404A,-9999,False,6.7768635077257775,401.0,0.4005625351940999
FRB20190404B,-9999,False,11.21751114987519,103.0,0.49029557654797556
FRB20190405A,-9999,False,2.5184029964137173,468.0,0.37073347450027655
FRB20190405B,-9999,False,9.769321144029666,136.0,0.41775302875338355
FRB20190406A,FRB20190208A,True,63.137096451542774,444.0,0.37328268427336875
FRB20190408A,-9999,False,341.44206317174775,303.0,0.4017231582184348
FRB20190409A,-9999,False,11.791734523013165,67.0,0.4559685783002063
FRB20190409B,-9999,False,80.2352702051777,257.0,0.41977807140580026
FRB20190409C,-9999,False,3.552795266358521,556.0,0.3697879373747535
FRB20190409D,-9999,False,5.058161147093408,451.0,0.38862166296269524
FRB20190410A,-9999,False,214.42336495197665,492.0,0.39183323073041654
FRB20190410B,-9999,False,472.0849674253871,162.0,0.4493485163396589
FRB20190411A,-9999,False,123.517963989564,191.0,0.42914643251402707
FRB20190411B,-9999,False,2.7380440045732315,481.0,0.3788266438325375
FRB20190411C,-9999,False,193.14675785161091,261.0,0.4224428844210085
FRB20190411C,-9999,False,21.203617864977463,246.0,0.4145600974188224
FRB20190412A,-9999,False,15.475227620620222,328.0,0.395437941995821
FRB20190412B,-9999,False,17.72073915484826,134.0,0.4578459820093575
FRB20190414A,-9999,False,3.3851045827021933,519.0,0.3908605708048467
FRB20190414B,-9999,False,6.596768917296851,210.0,0.4173346858308954
FRB20190415A,-9999,False,2.17702609675062,493.0,0.37443308923584023
FRB20190415B,-9999,False,9.128707287833851,327.0,0.4271438392599544
FRB20190415C,-9999,False,20.679530110805985,434.0,0.39176785421137017
FRB20190416A,-9999,False,7.321756709353796,149.0,0.4043145816737192
FRB20190416B,-9999,False,124.80549205106462,382.0,0.4186187583331584
FRB20190417B,-9999,False,8.121509512125124,259.0,0.43312881347361115
FRB20190417A,FRB20190417A,True,1727.1986597624793,50.0,0.5363587018224893
FRB20190417C,-9999,False,148.72763248100514,173.0,0.4641350660677945
FRB20190418A,-9999,False,17.130286681494166,264.0,0.41720459485771566
FRB20190419A,-9999,False,106.614246218907,375.0,0.40483647996284455
FRB20190419B,-9999,False,6.776108214586684,200.0,0.43722328842028335
FRB20190420B,-9999,False,10.592376858928127,136.0,0.41940146886979685
FRB20190420A,-9999,False,95.01966735842906,268.0,0.4226494607730407
FRB20190420C,-9999,False,4.462578041213861,246.0,0.4005169628456406
FRB20190421A,FRB20190303A,True,1785.5053884045367,346.0,0.4488949603946395
FRB20190421A,FRB20190303A,True,781.6345216570976,423.0,0.4222406371679537
FRB20190421B,-9999,False,11.504733095959434,257.0,0.4303086354041631
FRB20190422B,-9999,False,10.21114715134095,231.0,0.44384572592973015
FRB20190422A,-9999,False,689.5332348776872,446.0,0.40652001319035325
FRB20190422A,-9999,False,1130.439637851424,500.0,0.42502130735507504
FRB20190422A,-9999,False,138.6883606738619,401.0,0.3854750405874144
FRB20190423A,-9999,False,20.658455157166706,88.0,0.510368313125682
FRB20190423A,-9999,False,30.493251821439195,54.0,0.5114717212614146
FRB20190423B,-9999,False,609.6118772380618,422.0,0.42290335118705924
FRB20190423B,-9999,False,525.6739447668681,208.0,0.48083235379115424
FRB20190423C,-9999,False,14.468646050042665,66.0,0.4221539993450278
FRB20190423D,-9999,False,9.1788243536603,391.0,0.40371013625260094
FRB20190424A,-9999,False,2.389187582217663,548.0,0.3685384976418003
FRB20190425A,-9999,False,22.635669226926336,44.0,0.5620897549906964
FRB20190425B,-9999,False,183.62934592295352,408.0,0.3808318536929692
FRB20190426A,-9999,False,178.69864472397592,340.0,0.3958793851065603
FRB20190427A,-9999,False,9.016038019625089,372.0,0.41358163008534765
FRB20190428A,-9999,False,1656.549309735274,129.0,0.46191551538415376
FRB20190429A,-9999,False,8.173816858410882,424.0,0.37659306484559024
FRB20190429B,-9999,False,303653.7799128946,1.0,0.7073562784967119
FRB20190430B,-9999,False,15.110080901107587,25.0,0.5018171907676292
FRB20190430A,-9999,False,49.92980134206199,291.0,0.4097531753849071
FRB20190430C,-9999,False,1109.6051266245468,381.0,0.4176201200744274
FRB20190501B,-9999,False,2.0196124693482034,540.0,0.368693499929383
FRB20190501B,-9999,False,3.0532785379598946,547.0,0.3717698788973686
FRB20190502A,-9999,False,5.784581381406557,323.0,0.4048099604241744
FRB20190502B,-9999,False,5.741539087265959,265.0,0.38663110308376947
FRB20190502C,-9999,False,11.536839752784187,295.0,0.39770965363764643
FRB20190515A,-9999,False,12.708645977243789,282.0,0.4291279599849049
FRB20190515B,-9999,False,6.466935091325575,243.0,0.40047709522218533
FRB20190515C,FRB20190213A,True,182.4856527869175,370.0,0.4073022763608866
FRB20190515D,-9999,False,131.3842709694223,254.0,0.4042590578132589
FRB20190516B,-9999,False,7.0172562930511955,109.0,0.4148255146906938
FRB20190517D,-9999,False,4.495360837641432,303.0,0.39899781720505095
FRB20190517B,FRB20180814A,True,825.4710915547134,188.0,0.45582077906249713
FRB20190517C,-9999,False,274.0225725069578,168.0,0.45008429840883585
FRB20190518B,-9999,False,3.3215791052258936,505.0,0.39667373305760084
FRB20190518C,-9999,False,6.302299068789665,349.0,0.4222519868508842
FRB20190518D,-9999,False,7.4890399694669965,258.0,0.41329008383665744
FRB20190518A,FRB20180916B,True,40.09405381094582,393.0,0.3905435564814451
FRB20190518E,FRB20180916B,True,54.14779569363812,286.0,0.40971572541381596
FRB20190518G,-9999,False,474.69466792160785,537.0,0.39209536559264974
FRB20190519D,-9999,False,6.30146628865712,438.0,0.4090983460485026
FRB20190519E,-9999,False,80.75033837025633,151.0,0.44321956136408147
FRB20190519F,-9999,False,740.849020423967,496.0,0.37846161862272565
FRB20190519G,-9999,False,7.971917992258871,343.0,0.42310385311266746
FRB20190519H,-9999,False,9.317701877504128,104.0,0.42349537311538543
FRB20190519A,FRB20180916B,True,1230.7482221646003,60.0,0.5118605754589113
FRB20190519A,FRB20180916B,True,2932.3646574081904,128.0,0.5135344964842993
FRB20190519B,FRB20180916B,True,1406.9367180561824,489.0,0.4305395606856799
FRB20190519B,FRB20180916B,True,147.03291378796055,353.0,0.3884840710349739
FRB20190519B,FRB20180916B,True,205.6916330725004,385.0,0.4255389804514321
FRB20190519B,FRB20180916B,True,786.5458877372346,360.0,0.417118267137981
FRB20190519C,FRB20180916B,True,141.01886931494641,429.0,0.39169212203023224
FRB20190519J,-9999,False,23168.096861396967,13.0,0.5221284411101969
FRB20190520A,-9999,False,267.11149203060944,515.0,0.38005750003785177
FRB20190527A,-9999,False,652.4282926694547,318.0,0.4372883587414497
FRB20190527A,-9999,False,2479.671556712809,259.0,0.4373531620400949
FRB20190527B,FRB20181128A,True,22.418152756204282,293.0,0.3997910778615691
FRB20190527C,-9999,False,6.34078219905046,203.0,0.41793384629405744
FRB20190529A,-9999,False,1018.5814578617288,509.0,0.40590219272330896
FRB20190530A,-9999,False,1218.66254970777,518.0,0.3879156483081655
FRB20190531A,-9999,False,9.348391264979572,85.0,0.44681743385113176
FRB20190531B,-9999,False,67.29106624490456,75.0,0.46002566191341204
FRB20190531C,-9999,False,508.883902585025,480.0,0.39177160998479715
FRB20190531E,-9999,False,75.36936818775223,162.0,0.4749873614423463
FRB20190601A,-9999,False,10.909722416633219,117.0,0.441168819164022
FRB20190601B,-9999,False,783.5641813251398,186.0,0.44306670135343534
FRB20190601D,-9999,False,5.831931040598753,255.0,0.40711668826322905
FRB20190601C,-9999,False,156.9587993880955,152.0,0.4326314845407546
FRB20190601C,-9999,False,172.2705293301992,143.0,0.43727468329748415
FRB20190603B,-9999,False,2.51762687885083,318.0,0.3773514713339242
FRB20190603A,FRB20180916B,True,105.04024376173116,232.0,0.41528544351021784
FRB20190604D,-9999,False,6.278476282363314,398.0,0.39209868757255406
FRB20190604A,FRB20190604A,True,7765.522057620229,169.0,0.43074153740639104
FRB20190604E,-9999,False,4.971675584921194,500.0,0.3967902681244782
FRB20190604F,FRB20180916B,True,1736.4766920837792,224.0,0.4709315199659607
FRB20190604F,FRB20180916B,True,1685.805602735048,242.0,0.4716345291723093
FRB20190604F,FRB20180916B,True,765.6966068594128,271.0,0.4589561638963092
FRB20190604C,-9999,False,8.073357076111387,217.0,0.43720068447160115
FRB20190604G,-9999,False,12.709757565903994,142.0,0.41357527844752967
FRB20190605C,-9999,False,95.38935045041346,210.0,0.4436290156204876
FRB20190605D,-9999,False,1010.0475680447951,91.0,0.438701095488402
FRB20190605A,FRB20180916B,True,402.6953132085417,428.0,0.4172320166419776
FRB20190605B,FRB20180916B,True,701.8776432464551,110.0,0.4368811356856901
FRB20190605B,FRB20180916B,True,627.7456377302067,146.0,0.4242413280459196
FRB20190605B,FRB20180916B,True,3676.5422230864583,153.0,0.47846076456788583
FRB20190606A,FRB20190604A,True,395.76414149283426,442.0,0.39934965653948157
FRB20190606B,-9999,False,15.858705209194596,287.0,0.4221114127466277
FRB20190607A,-9999,False,13.19045516961721,167.0,0.44377685721394916
FRB20190607B,-9999,False,85.52341069851693,245.0,0.4165516707401454
FRB20190609B,-9999,False,12.952551205040512,164.0,0.468427880858064
FRB20190609C,-9999,False,5258.137916155005,293.0,0.42418169426512065
FRB20190609D,-9999,False,27.915121656957123,411.0,0.39188555459413404
FRB20190614B,-9999,False,4.3942023038336835,433.0,0.39683823294971254
FRB20190614C,-9999,False,18.436309128914232,375.0,0.4212109556339183
FRB20190621A,FRB20180908B,True,797.3618320869614,16.0,0.5103234134203987
FRB20190621B,-9999,False,4.850354519693977,375.0,0.40313665894830825
FRB20190621C,-9999,False,405.7646180065318,240.0,0.42138148344290804
FRB20190621D,-9999,False,7.693378648033466,404.0,0.3757027255663204
FRB20190622A,-9999,False,11.691372546075508,361.0,0.405210987295197
FRB20190623A,-9999,False,4.273606895535799,454.0,0.3868181404070768
FRB20190623B,-9999,False,1310.3917234288824,68.0,0.46531337493444275
FRB20190623C,-9999,False,15.150530834602586,100.0,0.44276457808089736
FRB20190624A,-9999,False,7.710601400214702,511.0,0.39222857953661877
FRB20190624B,-9999,False,382.84253650301434,67.0,0.5568515448867339
FRB20190625A,-9999,False,13.706811906748776,166.0,0.4512767831166086
FRB20190625E,FRB20180814A,True,21474.4100658753,40.0,0.5210137939771615
FRB20190625E,FRB20180814A,True,52522.18397964873,3.0,0.580293459552358
FRB20190625E,FRB20180814A,True,5480.13368930646,112.0,0.4584711631112957
FRB20190625C,-9999,False,2.158083048675884,491.0,0.3831343581408411
FRB20190625D,-9999,False,595.9142078128875,80.0,0.4560210460039608
FRB20190626A,FRB20180814A,True,19327.974867875142,14.0,0.5524445757905753
FRB20190627A,-9999,False,14.921918697052918,505.0,0.3802156383310236
FRB20190627B,-9999,False,2.843114188928942,448.0,0.3919275805279455
FRB20190627C,-9999,False,14.309387969797607,133.0,0.43458858058884403
FRB20190627D,-9999,False,6.830730295882138,132.0,0.4239940581276004
FRB20190628A,-9999,False,5.032873332545502,437.0,0.38882610943392476
FRB20190628B,-9999,False,20.20879901367638,300.0,0.4306807754543672
FRB20190628C,-9999,False,8.833383558604147,94.0,0.43075409665826286
FRB20190629A,-9999,False,131.104915424705,416.0,0.3798784857668617
FRB20190630B,-9999,False,5.852555422980448,371.0,0.3985883738485431
FRB20190630A,FRB20190117A,True,848.127502206282,236.0,0.4414428070100993
FRB20190630C,-9999,False,4.526428628428402,334.0,0.3955431311574323
FRB20190630D,-9999,False,4.244383001324714,446.0,0.39337976068510583
FRB20190701A,-9999,False,114.16284955203298,283.0,0.4235179044485207
FRB20190701B,-9999,False,3.0699768122902227,472.0,0.3869559123943821
FRB20190701C,-9999,False,7820.972979124355,55.0,0.47184338329627584
FRB20190701D,-9999,False,8.20896262454152,205.0,0.3816922138522684
FRB20190701E,-9999,False,5.642233188210752,437.0,0.4045120254817092
