Name,is_repeater,RpName,DMfitb,Widthfitb,Scat,Flux,Fluence,SpInd,spRun,Fpk,Bandwidth
FRB20180904A,False,-9999,361.13741,0.0005275,0.00055,3.8,6.0,12.12,-23.18,519.7,312.09999999999997
FRB20180906A,False,-9999,383.456,0.00135,0.0017,1.6,2.7,-0.2,1.4,800.2,400.00000000000006
FRB20180906B,False,-9999,3038.058,0.0029,0.0048,0.36,1.5,2.6,-11.1,449.3,308.90000000000003
FRB20180907D,False,-9999,1447.098,0.00222,0.0027,0.89,4.9,2.8,-0.1,800.2,400.00000000000006
FRB20180907A,False,-9999,877.24,0.00087,0.000264,0.87,2.8,-2.3,-5.1,400.2,248.40000000000003
FRB20180907B,False,-9999,658.1899,0.00021,0.00113,1.08,2.9,-0.7,-4.6,400.2,351.2
FRB20180907C,False,-9999,638.1999,0.00027,0.0008,1.11,1.48,2.5,-2.5,670.0,400.00000000000006
FRB20180907E,False,-9999,383.36,0.00415,0.00338,0.73,6.9,-7.1,-2.7,400.2,136.09999999999997
FRB20180908B,True,FRB20180908B,195.2393,0.001882,0.0021,1.17,5.0,54.3,-71.9,584.1,210.2
FRB20180909A,False,-9999,408.647,0.00631,0.0082,0.33,1.02,-0.3,-1.3,400.2,400.00000000000006
FRB20180910A,False,-9999,684.4081,0.000205,0.000244,6.5,5.6,0.05,-0.53,417.6,400.00000000000006
FRB20180915A,False,-9999,371.029,0.0008,0.00088,2.3,6.2,6.5,-9.1,571.9,400.00000000000006
FRB20180915B,False,-9999,177.127,0.001694,0.0001108,0.99,3.8,-9.2,3.0,400.2,127.19999999999999
FRB20180916A,False,-9999,296.0275,0.0001,0.000188,2.4,4.5,2.41,-8.1,464.7,393.00000000000006
FRB20180916B,True,FRB20180916B,349.3491,0.000765,0.00105,1.84,6.1,58.1,-70.6,603.9,219.19999999999993
FRB20180916C,False,-9999,2252.873,0.00406,0.0051,0.39,2.1,47.0,-50.0,640.9,277.70000000000005
FRB20180917B,False,-9999,857.038,0.00247,0.0066,1.03,8.3,2.26,-8.6,456.2,364.8
FRB20180917A,True,FRB20180814A,189.917,0.00178,0.008,3.2,46.0,34.0,-19.0,800.2,141.60000000000002
FRB20180917A,True,FRB20180814A,189.917,0.00345,0.008,3.2,46.0,52.3,-46.5,701.7,238.4000000000001
FRB20180917A,True,FRB20180814A,189.917,0.0076,0.008,3.2,46.0,62.0,-67.0,639.7,239.39999999999998
FRB20180918A,False,-9999,1453.9882,0.00055,0.00146,1.45,4.1,13.4,-15.5,617.6,380.40000000000003
FRB20180919B,False,-9999,560.2214,0.000408,0.0005,2.56,3.0,4.4,-11.1,487.6,368.7
FRB20180919A,True,FRB20180814A,188.85,0.00378,0.0045,0.58,3.1,27.8,-179.0,432.6,84.40000000000003
FRB20180920A,False,-9999,555.66,0.00222,0.0091,0.86,8.5,20.1,-26.3,585.9,351.5
FRB20180920B,False,-9999,463.4,0.00233,0.00173,0.35,1.7,12.3,-121.0,421.1,83.19999999999999
FRB20180921A,False,-9999,394.372,0.00114,0.0015,0.92,2.3,1.0,-10.4,419.9,272.00000000000006
FRB20180922A,False,-9999,555.687,0.000806,0.000313,2.6,7.7,-4.0,-9.2,400.2,155.7
FRB20180923A,False,-9999,219.4397,0.00015,0.000211,0.76,1.2,18.2,-57.4,468.9,172.7
FRB20180923D,False,-9999,329.3996,0.0001,0.0001144,2.4,2.2,20.9,-92.7,448.0,124.19999999999999
FRB20180923C,False,-9999,173.9839,0.00032,0.0005,0.89,1.37,1.0,-10.2,420.5,275.40000000000003
FRB20180924A,False,-9999,1116.5456,0.00087,0.00099,1.3,3.5,6.5,-5.0,770.6,400.00000000000006
FRB20180925A,False,-9999,237.742,0.00452,0.006,0.99,8.7,-1.2,4.1,800.2,400.00000000000006
FRB20180925B,False,-9999,667.866,0.00115,0.0014,0.76,2.7,15.0,-41.5,479.6,206.7
FRB20181012B,False,-9999,715.189,0.00056,0.00026,0.49,1.44,20.9,-154.0,428.3,83.69999999999999
FRB20181013A,False,-9999,309.3055,0.000512,0.00056,2.81,3.5,1.08,-5.2,443.7,400.00000000000006
FRB20181013E,False,-9999,345.297,0.00086,0.0011,0.62,2.03,-5.6,0.9,400.2,222.8
FRB20181013B,False,-9999,277.507,0.0028,0.0656,0.56,21.0,-0.5,-4.2,400.2,390.2
FRB20181013C,False,-9999,1005.766,0.00076,0.000435,0.44,1.64,-3.7,-0.8,400.2,297.8
FRB20181014A,False,-9999,1314.8896,0.00205,0.0023,0.99,2.7,3.7,0.5,800.2,344.20000000000005
FRB20181014B,False,-9999,887.972,0.00073,0.0011,0.65,1.88,3.6,-9.0,487.5,400.00000000000006
FRB20181014C,False,-9999,752.1671,0.00079,0.001,0.57,1.48,18.0,-30.5,537.7,299.1
FRB20181014D,False,-9999,377.132,0.00172,0.0021,8.4,18.0,0.4,-0.5,624.3,400.00000000000006
FRB20181015A,False,-9999,568.8231,0.000738,0.0009,1.51,3.4,0.0,-0.9,403.2,400.00000000000006
FRB20181017B,False,-9999,307.369,0.00231,0.0043,1.06,6.5,61.0,-77.0,593.2,205.49999999999994
FRB20181017A,True,FRB20181017A,1281.875,0.00277,0.0277,0.66,16.0,29.5,-50.5,535.9,230.60000000000002
FRB20181018B,False,-9999,293.867,0.000478,0.0005,5.1,7.9,7.3,-10.45,567.4,400.00000000000006
FRB20181018A,False,-9999,1129.449,0.0085,0.011,0.49,5.8,0.6,0.4,800.2,400.00000000000006
FRB20181018C,False,-9999,411.1927,0.000477,0.00051,2.4,3.3,-0.61,-7.6,400.2,268.00000000000006
FRB20181019A,True,FRB20180916B,348.778,0.00314,0.0036,0.81,10.4,55.7,-51.7,685.7,244.9000000000001
FRB20181019A,True,FRB20180916B,348.778,0.00246,0.0036,0.81,10.4,34.0,-38.0,630.1,308.30000000000007
FRB20181019B,False,-9999,725.184,0.0013,0.0016,0.72,2.7,1.6,-5.8,460.1,400.00000000000006
FRB20181019C,False,-9999,501.6356,0.000723,0.00085,1.16,2.1,-4.5,9.1,800.2,400.00000000000006
FRB20181020A,False,-9999,1112.473,0.00196,0.00153,0.8,4.9,-0.3,-4.7,400.2,376.40000000000003
FRB20181022C,False,-9999,528.473,0.0008,0.00068,0.91,3.2,2.9,-14.2,443.9,264.00000000000006
FRB20181022D,False,-9999,514.33426,0.000594,0.00063,2.9,6.2,18.2,-14.4,754.7,294.50000000000006
FRB20181022E,False,-9999,285.986,0.0004,0.000632,0.69,2.08,8.7,-42.3,443.7,160.09999999999997
FRB20181025A,False,-9999,592.5644,0.000355,0.000257,1.52,2.68,-3.15,-0.1,400.2,400.00000000000006
FRB20181027A,False,-9999,727.744,0.00072,0.00472,4.9,22.0,-0.4,6.1,800.2,270.20000000000005
FRB20181028A,True,FRB20180814A,189.1063,0.00607,0.0019,1.31,22.6,79.9,-212.0,483.2,100.90000000000003
FRB20181028A,True,FRB20180814A,189.1063,0.001749,0.0019,1.31,22.6,81.2,-220.0,481.3,98.60000000000002
FRB20181028A,True,FRB20180814A,189.1063,0.002178,0.0019,1.31,22.6,81.8,-257.0,469.3,89.0
FRB20181028A,True,FRB20180814A,189.1063,0.00271,0.0019,1.31,22.6,66.3,-278.0,450.9,82.10000000000002
FRB20181028A,True,FRB20180814A,189.1063,0.00208,0.0019,1.31,22.6,58.0,-388.0,431.0,65.30000000000001
FRB20181030C,False,-9999,668.7601,0.00061,0.00074,1.6,5.5,10.0,-22.2,500.9,291.00000000000006
FRB20181030A,True,FRB20181030A,103.396,0.000695,0.00088,4.3,8.2,3.5,-3.1,703.7,400.00000000000006
FRB20181030B,True,FRB20181030A,103.6425,0.001255,0.0014,2.3,6.9,22.9,-43.2,521.4,242.79999999999995
FRB20181030D,False,-9999,289.4422,0.000362,0.00087,2.74,5.9,1.51,-3.0,514.8,400.00000000000006
FRB20181030E,False,-9999,159.6902,0.0004,0.000973,2.0,6.3,22.3,-69.0,470.5,164.59999999999997
FRB20181101A,False,-9999,1472.678,0.00603,0.01,0.5,10.7,16.4,-37.7,497.4,236.59999999999997
FRB20181102A,False,-9999,414.4649,0.00069,0.00093,1.48,2.52,0.2,0.4,800.2,400.00000000000006
FRB20181104A,True,FRB20180916B,349.4388,0.000904,0.00069,1.5,5.0,64.3,-111.5,534.0,154.0
FRB20181104B,True,FRB20180916B,350.14,0.00661,0.0078,0.31,4.4,8.3,-56.0,431.3,128.09999999999997
FRB20181104C,False,-9999,580.81762,0.0004611,0.00048,9.7,20.7,5.81,-9.25,547.6,400.00000000000006
FRB20181104C,False,-9999,580.81762,0.00146,0.00048,9.7,20.7,7.4,-10.9,561.0,400.00000000000006
FRB20181115A,False,-9999,981.613,0.00183,0.0021,0.44,1.92,19.6,-62.0,468.8,168.2
FRB20181116A,False,-9999,355.433,0.000439,0.00047,4.0,5.23,2.37,-11.0,445.8,304.50000000000006
FRB20181116B,False,-9999,409.876,0.000642,0.000171,0.74,1.92,-8.8,-4.7,400.2,105.30000000000001
FRB20181117C,False,-9999,1773.7387,0.0001,0.00237,1.57,3.0,48.6,-46.3,676.5,259.0
FRB20181117A,False,-9999,959.28,0.00234,0.0028,0.61,3.1,1.0,-0.6,800.2,400.00000000000006
FRB20181117B,False,-9999,538.2,0.001,0.0013,3.6,11.0,5.4,-9.3,536.4,400.00000000000006
FRB20181117B,False,-9999,538.2,0.00128,0.0013,3.6,11.0,11.4,-31.2,480.4,230.2
FRB20181118A,False,-9999,557.4068,0.00127,0.0015,4.3,10.0,1.5,-1.7,630.1,400.00000000000006
FRB20181118B,False,-9999,422.2771,0.00161,0.0018,0.78,3.2,5.3,-9.1,534.8,400.00000000000006
FRB20181118C,True,FRB20180814A,190.167,0.00378,0.0045,0.33,1.72,84.0,-174.0,508.7,117.30000000000007
FRB20181119B,False,-9999,609.1008,0.00333,0.01659,4.5,94.0,2.72,-4.65,536.4,400.00000000000006
FRB20181119E,False,-9999,1169.768,0.00148,0.0018,0.7,2.2,0.4,-3.2,425.3,400.00000000000006
FRB20181119D,True,FRB20121102A,564.367,0.005,0.0069,0.46,12.6,61.0,-59.0,668.9,251.30000000000007
FRB20181119D,True,FRB20121102A,564.367,0.0096,0.0069,0.46,12.6,72.0,-79.0,629.2,215.29999999999995
FRB20181119D,True,FRB20121102A,564.367,0.0081,0.0069,0.46,12.6,75.0,-98.0,587.2,181.0
FRB20181119A,True,FRB20181119A,364.09,0.00684,0.0084,0.31,3.5,58.0,-133.0,498.0,131.60000000000002
FRB20181119C,False,-9999,284.9594,0.000449,0.00048,2.8,3.5,-1.81,-5.7,400.2,257.50000000000006
FRB20181120B,True,FRB20180916B,349.736,0.001156,0.0013,1.04,2.74,25.8,-26.3,653.5,314.20000000000005
FRB20181120C,True,FRB20180814A,191.7,0.00246,0.0065,0.38,3.7,39.0,-35.0,692.9,263.20000000000005
FRB20181122A,False,-9999,662.821,0.00068,0.000182,0.53,1.42,-4.9,0.6,400.2,261.2
FRB20181122B,False,-9999,225.75547,0.000246,0.0001391,14.7,22.0,4.86,-13.27,480.7,328.90000000000003
FRB20181123A,False,-9999,798.718,0.00058,0.00192,0.99,2.5,25.6,-64.3,488.5,186.00000000000006
FRB20181124B,False,-9999,801.6446,0.001119,0.000204,2.61,4.8,-1.43,2.32,800.2,400.00000000000006
FRB20181124A,False,-9999,1108.532,0.00147,0.0019,0.66,2.6,4.5,-4.3,674.9,400.00000000000006
FRB20181125A,False,-9999,272.19,0.00128,0.0015,0.39,3.2,9.0,-54.0,434.5,133.50000000000006
FRB20181125A,False,-9999,272.19,0.00144,0.0015,0.39,3.2,7.3,-41.8,436.6,151.8
FRB20181125A,False,-9999,272.19,0.00158,0.0015,0.39,3.2,7.3,-58.0,426.5,120.69999999999999
FRB20181126A,False,-9999,494.2168,0.000407,0.000165,3.5,9.4,17.93,-90.7,441.8,117.90000000000003
FRB20181127A,False,-9999,930.317,0.00074,0.000582,0.78,2.9,18.5,-51.3,479.3,192.09999999999997
FRB20181128A,True,FRB20181128A,450.3823,0.00102,0.00399,0.64,8.1,67.3,-77.0,618.9,214.79999999999995
FRB20181128A,True,FRB20181128A,450.3823,0.00182,0.00399,0.64,8.1,15.1,-40.9,481.5,210.2
FRB20181128B,False,-9999,456.548,0.00168,0.00044,0.34,1.95,-3.5,-2.2,400.2,261.09999999999997
FRB20181128D,False,-9999,146.5012,0.001071,0.0001059,2.6,7.0,-2.48,0.28,400.2,400.00000000000006
FRB20181128C,False,-9999,618.35,0.0023,0.00232,0.39,3.4,27.4,-75.0,480.3,168.90000000000003
FRB20181128C,False,-9999,618.35,0.0001,0.00232,0.39,3.4,23.3,-60.0,485.8,190.59999999999997
FRB20181129A,False,-9999,385.9684,0.000588,0.00064,1.52,3.1,2.7,-5.21,518.2,400.00000000000006
FRB20181129B,False,-9999,405.905,0.000364,0.00083,4.0,9.5,73.8,-112.0,556.8,160.40000000000003
FRB20181129C,False,-9999,502.2158,0.00118,0.00164,0.77,3.6,2.1,-3.2,560.6,400.00000000000006
FRB20181130A,False,-9999,220.0896,0.00048,0.00051,0.97,1.27,2.7,-45.7,412.1,115.69999999999999
FRB20181201A,False,-9999,694.356,0.0048,0.0725,0.4,18.9,0.52,-5.61,419.0,394.8
FRB20181201B,False,-9999,876.577,0.00224,0.0026,0.66,2.24,0.4,-2.9,429.4,400.00000000000006
FRB20181202A,False,-9999,667.9546,0.00059,0.00404,2.63,13.7,4.27,-9.1,505.7,400.00000000000006
FRB20181202B,False,-9999,825.8834,0.00061,0.00224,0.99,4.1,5.0,-6.4,590.1,400.00000000000006
FRB20181202C,False,-9999,557.1604,0.00049,0.0079,0.51,3.4,1.8,-4.6,487.4,400.00000000000006
FRB20181203A,False,-9999,635.9255,0.000171,0.00144,1.74,3.6,13.2,-8.5,800.2,285.0
FRB20181203B,False,-9999,375.3871,0.000578,0.00232,1.45,4.5,47.8,-43.6,693.2,249.4000000000001
FRB20181203C,False,-9999,2444.57,0.00365,0.00097,1.05,4.8,-0.27,-1.7,400.2,400.00000000000006
FRB20181213A,False,-9999,678.672,0.001359,0.0016,0.88,3.2,-3.17,2.3,400.2,400.00000000000006
FRB20181213B,False,-9999,626.593,0.00085,0.0012,0.75,1.7,45.6,-45.1,664.0,270.6
FRB20181213C,False,-9999,380.736,0.00125,0.0015,0.62,1.86,-2.1,1.2,400.2,400.00000000000006
FRB20181214A,False,-9999,468.148,0.000533,0.000442,0.156,0.41,23.3,-139.0,435.0,94.40000000000003
FRB20181214B,False,-9999,1120.746,0.00109,0.0014,0.41,1.23,0.0,-1.5,400.2,400.00000000000006
FRB20181214C,False,-9999,632.7849,0.000631,0.00163,1.2,5.0,-2.54,-0.08,400.2,400.00000000000006
FRB20181214D,False,-9999,1177.319,0.00099,0.018,0.55,9.0,12.2,-10.9,700.7,358.1
FRB20181214F,False,-9999,2105.76,0.0023,0.00152,0.31,2.21,8.0,-65.0,425.7,113.90000000000003
FRB20181215A,False,-9999,412.632,0.00134,0.0017,0.34,0.72,-2.4,-1.1,400.2,400.00000000000006
FRB20181215B,False,-9999,494.0142,0.000559,0.00061,1.9,2.9,4.7,-6.0,590.2,400.00000000000006
FRB20181216A,False,-9999,542.7376,0.00022,0.00089,0.94,1.7,14.8,-16.1,634.0,366.00000000000006
FRB20181217A,False,-9999,1177.1666,0.001015,0.0012,0.64,1.76,5.0,-4.9,663.5,400.00000000000006
FRB20181218A,False,-9999,1874.406,0.00139,0.000221,0.83,1.59,19.0,-83.6,448.4,129.09999999999997
FRB20181218B,False,-9999,753.405,0.00169,0.002,0.56,1.8,-2.7,-2.3,400.2,308.59999999999997
FRB20181218C,False,-9999,384.153,0.0052,0.0068,0.25,1.73,4.4,-13.1,472.7,318.3
FRB20181219B,False,-9999,1952.166,0.000574,0.00526,4.6,27.0,-4.2,10.3,800.2,244.70000000000005
FRB20181219C,False,-9999,647.891,0.00126,0.00053,0.208,0.57,-1.0,-4.6,400.2,335.3
FRB20181219A,True,FRB20181128A,451.806,0.00536,0.0068,0.39,4.7,10.1,-18.2,527.9,352.90000000000003
FRB20181220A,False,-9999,209.4017,0.000435,0.000457,1.33,3.0,-5.26,-1.3,400.2,196.2
FRB20181220B,False,-9999,257.7994,0.000558,0.00062,2.9,3.8,0.45,-4.8,419.5,400.00000000000006
FRB20181221A,False,-9999,316.237,0.000754,0.001323,1.25,5.8,62.1,-128.0,510.1,137.19999999999993
FRB20181221B,False,-9999,1395.021,0.001037,0.0011,0.97,3.3,25.3,-61.2,492.2,192.20000000000005
FRB20181222A,True,FRB20180916B,348.73651,0.005158,0.00039,4.9,50.0,60.0,-51.9,713.2,222.5
FRB20181222A,True,FRB20180916B,348.73651,0.0003816,0.00039,4.9,50.0,55.3,-49.6,699.0,236.70000000000005
FRB20181222A,True,FRB20180916B,348.73651,0.001718,0.00039,4.9,50.0,62.5,-60.4,671.6,247.80000000000007
FRB20181222A,True,FRB20180916B,348.73651,0.00581,0.00039,4.9,50.0,66.1,-68.3,649.3,239.80000000000007
FRB20181222B,False,-9999,619.2478,0.000596,0.00074,0.46,0.83,0.4,-5.4,415.1,398.40000000000003
FRB20181222C,False,-9999,1104.892,0.00152,0.0019,0.84,2.9,-2.0,-3.1,400.2,327.2
FRB20181222D,False,-9999,1417.11,0.00375,0.00195,0.22,1.23,8.4,-41.1,443.0,161.09999999999997
FRB20181222E,False,-9999,327.9797,0.000254,0.00079,1.12,5.5,5.13,-19.9,455.2,239.3
FRB20181222E,False,-9999,327.9797,0.00091,0.00079,1.12,5.5,9.9,-23.8,492.8,272.09999999999997
FRB20181223A,True,FRB20180916B,349.7096,0.001995,0.0022,2.02,15.7,32.7,-33.4,652.9,298.1
FRB20181223A,True,FRB20180916B,349.7096,0.00515,0.0022,2.02,15.7,21.0,-25.2,607.8,351.1
FRB20181223B,False,-9999,565.655,0.00157,0.0035,0.68,4.1,33.3,-41.0,600.6,287.40000000000003
FRB20181223C,False,-9999,112.5118,0.000508,0.000107,1.36,2.84,2.68,-7.4,479.2,400.00000000000006
FRB20181224A,False,-9999,310.20644,0.0003868,0.0004,4.3,3.3,3.85,-6.08,549.5,400.00000000000006
FRB20181224B,False,-9999,781.0087,0.00092,0.00206,0.77,3.1,-1.8,-0.9,400.2,400.00000000000006
FRB20181224C,False,-9999,596.325,0.00237,0.0275,0.5,9.6,-2.46,0.3,400.2,400.00000000000006
FRB20181224D,False,-9999,690.196,0.0016,0.002,0.54,1.95,-3.3,1.6,400.2,400.00000000000006
FRB20181224E,False,-9999,581.8537,0.001056,0.0011,3.6,10.3,-1.18,-4.4,400.2,329.3
FRB20181224E,False,-9999,581.8537,0.00102,0.0011,3.6,10.3,-3.7,3.6,400.2,400.00000000000006
FRB20181225A,True,FRB20180916B,349.619,0.00323,0.0037,0.59,4.3,28.3,-128.0,446.8,110.60000000000002
FRB20181225B,False,-9999,299.2875,0.001297,0.0014,1.9,7.5,6.8,-10.1,560.7,400.00000000000006
FRB20181226C,False,-9999,409.0184,0.00063,0.00198,0.88,2.7,-1.09,-1.9,400.2,400.00000000000006
FRB20181226A,True,FRB20180916B,349.0107,0.000731,0.00077,1.6,5.7,81.5,-126.2,552.8,149.80000000000007
FRB20181226A,True,FRB20180916B,349.0107,0.00149,0.00077,1.6,5.7,77.6,-148.0,520.4,130.3
FRB20181226D,False,-9999,385.3778,0.000571,0.00062,1.89,3.0,0.44,-5.2,417.2,400.00000000000006
FRB20181226B,False,-9999,287.0364,0.00059,0.001098,8.9,52.0,4.1,-14.4,461.1,287.3
FRB20181226B,False,-9999,287.0364,0.000871,0.001098,8.9,52.0,1.03,-7.0,430.7,364.00000000000006
FRB20181226B,False,-9999,287.0364,0.001004,0.001098,8.9,52.0,11.5,-18.1,549.7,384.7
FRB20181226E,False,-9999,308.762,0.001169,0.0013,0.48,1.35,-5.8,-3.4,400.2,158.09999999999997
FRB20181227A,False,-9999,791.2134,0.000748,0.00092,0.93,1.82,0.1,-0.1,656.8,400.00000000000006
FRB20181228A,False,-9999,748.6791,0.001088,0.0013,1.16,4.0,5.2,-13.6,484.5,331.2
FRB20181228B,False,-9999,568.6506,0.0001,0.001159,0.4,1.67,59.3,-353.0,435.2,70.30000000000001
FRB20181228C,False,-9999,510.7,0.00088,0.0011,0.45,0.74,-6.5,6.6,400.2,400.00000000000006
FRB20181229A,False,-9999,955.5735,0.000376,0.0024,1.18,4.0,3.54,-6.0,538.1,400.00000000000006
FRB20181229B,False,-9999,389.047,0.00336,0.0051,0.42,4.9,22.0,-103.0,445.5,117.30000000000001
FRB20181230A,False,-9999,769.611,0.00164,0.041,0.94,18.0,33.0,-27.8,724.8,256.70000000000005
FRB20181230B,False,-9999,1137.36,0.0043,0.0045,0.88,9.7,0.9,-3.7,450.2,400.00000000000006
FRB20181230C,False,-9999,1037.194,0.00076,0.0009,0.89,2.1,9.0,-8.0,699.9,390.80000000000007
FRB20181230D,False,-9999,223.9665,0.000419,0.00048,1.39,2.0,0.4,0.1,800.2,400.00000000000006
FRB20181230E,False,-9999,1041.713,0.00188,0.00303,1.32,10.4,6.6,-16.7,488.0,307.40000000000003
FRB20181231A,False,-9999,1376.7324,0.000705,0.00076,1.09,2.2,9.8,-9.2,680.4,387.50000000000006
FRB20181231B,False,-9999,197.1697,0.000337,0.00175,0.89,2.34,59.6,-60.0,657.7,259.4
FRB20181231C,False,-9999,556.086,0.00039,0.000406,0.68,1.2,0.41,-9.6,408.8,266.8
FRB20190101A,False,-9999,854.609,0.0013,0.0181,0.6,11.3,-2.25,-2.3,400.2,346.90000000000003
FRB20190101B,False,-9999,1323.9056,0.00032,0.00516,1.02,4.4,41.7,-36.1,713.6,245.9000000000001
FRB20190102A,False,-9999,699.1727,0.000824,0.000986,1.12,4.2,28.9,-67.8,495.2,183.60000000000002
FRB20190102B,False,-9999,367.1642,0.000851,0.00093,1.71,3.9,0.6,-4.4,428.8,400.00000000000006
FRB20190103B,False,-9999,541.129,0.00583,0.0054,0.68,12.9,7.7,-16.3,507.0,338.2
FRB20190103C,False,-9999,1349.133,0.00193,0.00076,2.3,13.4,10.6,-17.3,543.7,382.8
FRB20190103A,True,FRB20181119A,364.5627,0.00254,0.0027,1.11,5.4,34.0,-25.5,780.0,222.70000000000005
FRB20190103D,False,-9999,1913.5509,0.00087,0.00102,0.45,1.17,-5.2,1.2,400.2,257.2
FRB20190103E,False,-9999,736.245,0.00103,0.00159,0.46,2.0,2.8,-4.4,547.3,400.00000000000006
FRB20190104A,False,-9999,549.4329,0.000197,0.000155,1.45,3.9,6.0,-10.5,531.9,400.00000000000006
FRB20190104A,False,-9999,549.4329,0.0008,0.000155,1.45,3.9,-1.6,1.3,400.2,400.00000000000006
FRB20190104B,False,-9999,530.137,0.00188,0.0023,2.7,9.5,-3.6,7.5,800.2,400.00000000000006
FRB20190105A,False,-9999,383.551,0.0039,0.0049,0.6,3.5,-1.9,3.6,800.2,400.00000000000006
FRB20190106A,False,-9999,340.061,0.00094,0.0058,0.27,0.81,9.0,-5.0,800.2,306.70000000000005
FRB20190106B,False,-9999,316.5941,0.000578,0.0006,1.7,3.8,16.58,-68.0,452.1,143.3
FRB20190107A,False,-9999,849.19,0.0259,0.0204,0.49,6.3,-4.3,-0.4,400.2,266.7
FRB20190107B,False,-9999,166.0939,0.000451,0.0005,2.8,4.3,-1.3,-3.1,400.2,385.09999999999997
FRB20190109A,False,-9999,324.604,0.00165,0.0022,1.19,6.4,6.1,-8.1,583.0,400.00000000000006
FRB20190109A,False,-9999,324.604,0.0034,0.0022,1.19,6.4,4.6,-8.5,523.6,400.00000000000006
FRB20190109B,False,-9999,175.168,0.00034,0.000261,1.2,3.0,2.5,-65.0,408.1,92.19999999999999
FRB20190110A,False,-9999,472.7526,0.000203,0.000381,1.54,3.8,6.3,-118.0,411.0,72.5
FRB20190110B,False,-9999,486.118,0.00075,0.00324,0.47,1.9,0.2,-5.0,407.8,400.00000000000006
FRB20190110C,False,-9999,221.961,0.00039,0.000217,0.64,1.4,24.5,-186.0,427.4,77.5
FRB20190111A,False,-9999,171.96819,0.00036,0.000535,3.6,17.0,6.35,-6.78,638.9,400.00000000000006
FRB20190111A,False,-9999,171.96819,0.000438,0.000535,3.6,17.0,7.91,-23.3,474.4,249.50000000000006
FRB20190111A,False,-9999,171.96819,0.00079,0.000535,3.6,17.0,-2.3,-5.8,400.2,235.59999999999997
FRB20190111B,False,-9999,1336.9271,0.00016,0.000199,0.32,0.78,1.9,-17.2,422.5,208.90000000000003
FRB20190112A,False,-9999,425.8474,0.00164,0.01101,1.4,16.2,57.1,-51.4,697.7,235.60000000000002
FRB20190113A,False,-9999,428.924,0.00182,0.0022,1.3,5.6,7.3,-2.8,800.2,308.30000000000007
FRB20190114A,False,-9999,887.392,0.00134,0.00038,0.55,2.3,11.1,-89.0,425.8,99.80000000000001
FRB20190115A,False,-9999,1021.684,0.00089,0.0012,0.46,0.95,0.9,-3.2,457.2,400.00000000000006
FRB20190115B,False,-9999,748.293,0.00155,0.0018,1.45,5.2,1.85,-6.9,457.5,400.00000000000006
FRB20190116E,False,-9999,1491.0006,0.000607,0.00072,0.46,1.12,0.1,-0.1,660.5,400.00000000000006
FRB20190116D,False,-9999,1164.025,0.00104,0.00392,0.51,4.7,-1.1,-3.1,400.2,400.00000000000006
FRB20190116A,True,FRB20190116B,445.48,0.00554,0.0075,0.32,3.7,27.7,-29.8,636.8,317.90000000000003
FRB20190116B,True,FRB20190116B,443.549,0.00173,0.0021,0.46,2.0,20.7,-54.7,483.6,193.59999999999997
FRB20190116C,False,-9999,629.27648,0.0007082,0.00072,28.0,65.0,15.36,-14.81,672.1,347.1
FRB20190116F,False,-9999,316.9203,0.00123,0.0015,0.49,1.54,3.6,-3.8,637.5,400.00000000000006
FRB20190117C,False,-9999,865.9008,0.00077,0.00098,0.42,0.79,9.9,-10.2,648.6,396.90000000000003
FRB20190117D,False,-9999,1178.063,0.00126,0.000405,0.78,3.5,0.4,-4.3,419.2,400.00000000000006
FRB20190117A,True,FRB20190117A,393.3602,0.001494,0.0015,2.5,9.9,55.6,-117.0,507.6,142.89999999999998
FRB20190118B,False,-9999,670.89,0.0037,0.0194,0.31,3.62,13.8,-14.4,645.0,367.6
FRB20190118A,False,-9999,225.10795,0.00014,0.0002824,9.3,18.0,19.42,-56.71,474.9,180.7
FRB20190121A,False,-9999,425.3534,0.00108,0.00334,1.7,10.8,4.5,-8.39,523.2,400.00000000000006
FRB20190122B,False,-9999,469.565,0.00192,0.0028,0.41,1.75,2.8,-2.3,737.5,400.00000000000006
FRB20190122C,False,-9999,689.902,0.00176,0.00010367,4.2,47.0,1.5,-4.8,466.7,400.00000000000006
FRB20190122C,False,-9999,689.902,0.0018,0.00010367,4.2,47.0,7.38,-12.89,532.8,400.00000000000006
FRB20190122C,False,-9999,689.902,0.00294,0.00010367,4.2,47.0,4.2,-13.1,469.5,314.09999999999997
FRB20190122C,False,-9999,689.902,0.0089,0.00010367,4.2,47.0,-2.0,-4.0,400.2,269.3
FRB20190122C,False,-9999,689.902,0.00141,0.00010367,4.2,47.0,1.5,-3.5,492.6,400.00000000000006
FRB20190122C,False,-9999,689.902,0.005,0.00010367,4.2,47.0,-1.4,-4.4,400.2,314.90000000000003
FRB20190122A,False,-9999,1231.21,0.0055,0.0371,0.327,5.7,0.8,-0.7,694.2,400.00000000000006
FRB20190124A,False,-9999,1275.853,0.00227,0.0223,0.61,13.4,4.13,-7.37,529.5,400.00000000000006
FRB20190124B,False,-9999,441.3838,0.0015,0.00706,0.97,11.7,0.8,-4.88,434.2,400.00000000000006
FRB20190124C,False,-9999,303.644,0.000291,0.000668,2.5,13.7,0.42,-3.54,424.6,400.00000000000006
FRB20190124C,False,-9999,303.644,0.001773,0.000668,2.5,13.7,1.31,-8.59,431.9,324.7
FRB20190124D,False,-9999,340.12,0.0005,0.00097,0.5,1.9,0.1,-9.9,402.1,250.8
FRB20190124E,False,-9999,617.79,0.00574,0.0075,0.64,7.3,9.1,-10.2,625.6,400.00000000000006
FRB20190124F,False,-9999,254.7903,0.000733,0.000164,3.9,6.4,2.05,-16.6,425.6,217.2
FRB20190125A,False,-9999,564.701,0.00321,0.0041,0.37,2.6,36.0,-37.0,655.5,290.1
FRB20190125B,False,-9999,178.238,0.00247,0.00095,0.83,4.7,5.7,-6.8,609.9,400.00000000000006
FRB20190126A,True,FRB20180916B,350.0017,0.00208,0.0023,0.7,3.6,51.1,-64.4,595.4,226.59999999999997
FRB20190127B,False,-9999,663.028,0.0025,0.0428,0.63,11.4,5.3,-7.7,562.2,400.00000000000006
FRB20190128A,False,-9999,696.117,0.00185,0.0022,0.58,2.0,-1.5,-2.5,400.2,400.00000000000006
FRB20190128B,False,-9999,248.2302,0.000603,0.000208,0.81,1.64,5.3,-10.3,515.9,400.00000000000006
FRB20190128C,False,-9999,310.622,0.00616,0.0076,0.71,5.9,22.6,-55.0,491.6,202.60000000000002
FRB20190128D,False,-9999,430.231,0.00127,0.0015,1.2,3.6,0.8,-8.5,419.5,305.2
FRB20190129A,False,-9999,484.761,0.00113,0.0102,0.49,5.0,43.0,-37.8,707.7,247.4000000000001
FRB20190130A,False,-9999,1367.461,0.00099,0.0032,0.47,4.4,19.3,-62.0,467.7,167.00000000000006
FRB20190130B,False,-9999,989.0307,0.000265,0.000769,0.77,2.95,55.4,-140.8,487.1,125.0
FRB20190131E,False,-9999,279.8006,0.00023,0.000164,3.0,5.1,22.0,-63.1,476.5,176.59999999999997
FRB20190131D,False,-9999,642.1218,0.00017,0.000426,2.9,6.8,1.61,-3.35,508.7,400.00000000000006
FRB20190131D,False,-9999,642.1218,0.000348,0.000426,2.9,6.8,5.3,-6.9,585.1,400.00000000000006
FRB20190131C,False,-9999,507.7618,0.000444,0.0005,0.84,2.1,4.5,-9.9,501.4,400.00000000000006
FRB20190131B,False,-9999,1805.729,0.00092,0.0011,0.99,3.3,16.5,-11.9,798.1,285.80000000000007
FRB20190201B,False,-9999,749.176,0.0008,0.000572,0.81,2.3,1.8,-14.8,425.9,231.90000000000003
FRB20190201A,False,-9999,242.0038,0.000608,0.00072,2.6,3.1,0.1,-0.2,476.6,400.00000000000006
FRB20190202B,False,-9999,464.906,0.00051,0.00056,1.57,2.7,3.89,-6.6,536.2,400.00000000000006
FRB20190202A,False,-9999,307.3605,0.0007103,0.00072,41.0,95.0,5.13,-12.38,492.3,357.59999999999997
FRB20190203B,False,-9999,582.2248,0.0003,0.00058,0.49,0.93,1.5,-8.5,437.5,335.50000000000006
FRB20190203A,False,-9999,420.5727,0.00055,0.000832,1.21,4.0,25.0,-75.0,472.9,163.2
FRB20190203C,False,-9999,370.462,0.00205,0.0025,1.4,4.4,0.1,0.0,800.2,400.00000000000006
FRB20190204A,False,-9999,449.639,0.00181,0.00088,0.24,1.5,2.4,-28.0,418.2,157.7
FRB20190204B,False,-9999,1464.9393,0.001022,0.000418,1.35,4.4,6.23,-8.7,571.7,400.00000000000006
FRB20190205A,False,-9999,695.389,0.000602,0.00069,0.74,1.7,18.3,-47.3,485.7,205.40000000000003
FRB20190206C,False,-9999,1043.002,0.00201,0.00142,0.56,3.8,1.0,-5.2,439.2,400.00000000000006
FRB20190206B,False,-9999,352.52,0.0071,0.009,0.95,9.6,11.6,-24.6,506.4,287.40000000000003
FRB20190206A,False,-9999,188.3364,0.000804,0.00274,1.4,9.1,38.0,-65.7,534.5,201.40000000000003
FRB20190208B,False,-9999,714.22009,0.0001,0.0001167,10.3,14.3,0.69,-8.02,417.9,313.7
FRB20190208C,False,-9999,238.3921,0.000411,0.00045,1.27,1.74,18.7,-54.6,474.9,183.00000000000006
FRB20190208A,True,FRB20190208A,579.843,0.00076,0.00122,0.39,4.9,48.0,-58.0,602.7,241.0
FRB20190208A,True,FRB20190208A,579.843,0.00041,0.00122,0.39,4.9,77.0,-115.0,557.8,158.2
FRB20190208A,True,FRB20190208A,579.843,0.00038,0.00122,0.39,4.9,74.0,-127.0,535.9,144.80000000000007
FRB20190208A,True,FRB20190208A,579.843,0.00679,0.00122,0.39,4.9,29.6,-101.0,463.2,138.50000000000006
FRB20190209A,True,FRB20190209A,424.786,0.00143,0.00113,0.77,3.9,28.5,-89.0,470.1,152.2
FRB20190210B,False,-9999,624.1879,0.000397,0.000364,2.6,5.3,-2.45,-3.09,400.2,295.90000000000003
FRB20190210C,False,-9999,643.3669,0.000286,0.00025,2.37,3.6,0.35,-1.5,448.5,400.00000000000006
FRB20190210A,True,FRB20190209A,426.12,0.00578,0.0015,0.25,1.81,25.4,-89.0,461.8,142.3
FRB20190210D,False,-9999,359.1477,0.00058,0.000273,1.37,2.5,20.7,-24.4,611.8,350.30000000000007
FRB20190210E,False,-9999,580.58,0.00096,0.0011,0.69,1.45,13.4,-40.5,472.2,199.2
FRB20190211A,False,-9999,1188.256,0.00036,0.00329,1.47,5.8,38.9,-39.3,656.0,285.20000000000005
FRB20190211B,False,-9999,260.7,0.0001,0.000152,0.3,1.35,1.4,-7.5,440.1,364.7
FRB20190212B,False,-9999,600.1866,0.000226,0.000496,1.55,3.7,-2.05,-3.6,400.2,301.8
FRB20190212C,False,-9999,1016.45,0.00442,0.0101,0.7,12.2,3.25,-7.4,498.1,400.00000000000006
FRB20190212D,False,-9999,1139.765,0.00105,0.0159,0.42,5.7,-4.2,-0.3,400.2,281.40000000000003
FRB20190212A,True,FRB20190212A,301.784,0.00276,0.0033,0.41,3.1,8.8,-28.9,466.3,218.00000000000006
FRB20190213A,True,FRB20190213A,651.06,0.00151,0.00286,0.45,2.3,4.8,-53.0,418.9,115.69999999999999
FRB20190213C,False,-9999,357.0634,0.000646,0.00081,0.62,1.09,-0.2,0.6,800.2,400.00000000000006
FRB20190213B,True,FRB20190212A,301.3128,0.00074,0.00068,0.92,4.2,58.0,-62.0,639.2,248.80000000000007
FRB20190213B,True,FRB20190212A,301.3128,0.00028,0.00068,0.92,4.2,68.0,-136.0,514.3,134.39999999999998
FRB20190213D,False,-9999,1346.8476,0.000626,0.0007,1.0,2.2,26.2,-25.3,671.4,303.6
FRB20190214A,False,-9999,497.68,0.0145,0.017,0.46,8.8,0.1,0.0,800.2,400.00000000000006
FRB20190214C,False,-9999,533.112,0.00168,0.00108,1.02,5.2,4.9,-16.7,463.1,271.50000000000006
FRB20190215B,False,-9999,274.6295,0.000864,0.00092,2.2,5.6,-1.27,-2.09,400.2,400.00000000000006
FRB20190216A,True,FRB20181017A,1282.37,0.02051,0.0234,0.91,47.0,20.4,-50.8,489.2,205.09999999999997
FRB20190217A,False,-9999,798.1092,0.00086,0.00315,0.29,1.19,3.4,-6.4,521.5,400.00000000000006
FRB20190217B,False,-9999,846.212,0.00066,0.0079,0.54,6.0,-3.3,0.9,400.2,400.00000000000006
FRB20190218A,False,-9999,1285.129,0.00141,0.0017,0.54,1.65,1.7,-4.5,483.6,400.00000000000006
FRB20190218B,False,-9999,547.868,0.00205,0.0141,0.57,5.9,46.2,-60.0,588.0,231.80000000000007
FRB20190218C,False,-9999,319.32387,0.000206,0.0001113,19.0,31.0,3.08,-16.09,440.4,242.8
FRB20190219A,False,-9999,657.1942,0.001592,0.0017,0.305,0.96,-2.69,-0.2,400.2,400.00000000000006
FRB20190219B,False,-9999,1681.11,0.00242,0.0164,1.1,14.4,6.44,-7.6,612.2,400.00000000000006
FRB20190219C,False,-9999,806.688,0.00208,0.0026,0.4,1.96,8.2,-9.6,613.5,400.00000000000006
FRB20190220A,False,-9999,216.12,0.00055,0.000237,0.34,0.68,-3.3,-3.3,400.2,242.2
FRB20190221A,False,-9999,223.806,0.00097,0.000408,1.23,2.33,5.1,-23.9,444.8,206.3
FRB20190221B,False,-9999,393.124,0.00394,0.0049,0.69,5.6,-0.3,-2.4,400.2,400.00000000000006
FRB20190221C,False,-9999,2042.3,0.00118,0.0131,0.59,7.1,16.2,-16.0,664.9,345.30000000000007
FRB20190221D,False,-9999,473.7873,0.000774,0.00095,0.65,1.13,0.3,-2.4,427.2,400.00000000000006
FRB20190222B,False,-9999,497.619,0.00152,0.00526,0.4,4.4,-1.8,-10.2,400.2,193.3
FRB20190222C,False,-9999,524.0071,0.000676,0.00074,0.44,0.83,9.3,-53.9,436.3,136.2
FRB20190222A,True,FRB20190222A,460.169,0.001839,0.000898,1.7,11.8,39.1,-182.9,445.3,98.0
FRB20190222D,False,-9999,895.2976,0.000601,0.00074,0.79,0.86,4.8,-6.4,583.6,400.00000000000006
FRB20190223A,False,-9999,389.2365,0.000763,0.00087,0.47,1.58,21.8,-103.0,444.8,116.30000000000001
FRB20190223B,False,-9999,536.5143,0.000654,0.0008,0.55,0.84,9.8,-10.5,638.6,400.00000000000006
FRB20190224A,False,-9999,818.4,0.00204,0.00577,0.63,8.5,2.6,-60.0,408.9,97.30000000000001
FRB20190224B,False,-9999,839.3674,0.000639,0.00075,2.0,4.5,2.2,-6.6,472.7,400.00000000000006
FRB20190224C,False,-9999,497.4,0.00029,0.00948,1.37,7.9,7.6,-6.1,747.4,395.50000000000006
FRB20190224D,False,-9999,752.9522,0.000673,0.00072,2.75,6.1,6.96,-12.3,531.6,400.00000000000006
FRB20190224E,False,-9999,435.8612,0.000549,0.00057,2.03,4.0,2.22,-8.64,454.9,362.00000000000006
FRB20190226A,False,-9999,601.5727,0.000453,0.00049,1.45,1.42,2.21,-4.0,527.9,400.00000000000006
FRB20190226B,False,-9999,631.603,0.004,0.0049,0.38,2.38,29.9,-39.3,585.2,285.9
FRB20190226C,False,-9999,827.77,0.00131,0.0015,0.39,1.41,6.6,-42.0,433.3,148.09999999999997
FRB20190227A,False,-9999,394.0388,0.001296,0.0013,3.58,12.5,1.74,-2.15,599.9,400.00000000000006
FRB20190227B,False,-9999,331.2289,0.000403,0.00047,0.48,0.71,-0.5,-0.8,400.2,400.00000000000006
FRB20190228A,False,-9999,419.0825,0.00225,0.01891,1.79,35.8,52.6,-51.9,664.7,261.80000000000007
FRB20190228B,False,-9999,1115.2461,0.00097,0.01459,4.8,66.0,5.84,-14.5,489.5,328.90000000000003
FRB20190301B,False,-9999,621.333,0.00132,0.0016,0.4,0.85,-1.5,-13.4,400.2,175.3
FRB20190301C,False,-9999,802.913,0.00124,0.0084,0.34,2.32,-2.4,0.7,400.2,400.00000000000006
FRB20190301D,False,-9999,1160.692,0.00036,0.000535,0.39,1.5,3.6,-29.4,425.4,162.50000000000006
FRB20190301A,True,FRB20190222A,459.5613,0.001471,0.00156,1.83,8.6,68.9,-87.9,592.1,192.39999999999998
FRB20190301A,True,FRB20190222A,459.5613,0.00124,0.00156,1.83,8.6,69.0,-99.0,568.3,174.3
FRB20190302A,False,-9999,1034.239,0.0071,0.0902,0.56,35.0,-4.35,2.99,400.2,400.00000000000006
FRB20190303B,False,-9999,193.50698,0.000715,0.001574,9.4,42.0,-1.678,-2.56,400.2,386.50000000000006
FRB20190303C,False,-9999,1089.655,0.00176,0.002,0.8,3.46,0.5,-2.3,449.8,400.00000000000006
FRB20190303D,False,-9999,711.151,0.00081,0.001,0.59,1.17,-0.9,-5.6,400.2,304.09999999999997
FRB20190303A,True,FRB20190303A,221.667,0.00167,0.00296,0.47,2.54,63.3,-69.0,631.5,231.4000000000001
FRB20190304A,False,-9999,483.727,0.000408,0.000901,0.71,2.9,6.3,-67.3,419.4,104.5
FRB20190304B,False,-9999,470.0053,0.00033,0.000622,0.67,2.22,-1.24,-7.4,400.2,246.3
FRB20190304C,False,-9999,564.991,0.000948,0.0011,0.53,1.32,22.3,-87.0,454.9,135.00000000000006
FRB20190307A,False,-9999,355.337,0.00206,0.0025,0.0,0.0,19.7,-29.7,557.1,313.99999999999994
FRB20190307B,False,-9999,294.001,0.0019,0.0211,0.0,0.0,25.4,-25.6,656.8,313.40000000000003
FRB20190308C,False,-9999,500.519,0.0004,0.00229,0.47,4.8,15.2,-61.0,453.4,150.50000000000006
FRB20190308C,False,-9999,500.519,0.00055,0.00229,0.47,4.8,13.9,-60.5,449.0,145.50000000000006
FRB20190308B,False,-9999,180.18,0.000186,0.000134,1.11,1.39,18.6,-52.9,477.2,187.7
FRB20190308B,False,-9999,180.18,0.00052,0.000134,1.11,1.39,9.5,-37.0,455.5,185.09999999999997
FRB20190309A,False,-9999,356.9,0.000581,0.00075,0.39,0.72,12.9,-64.0,442.9,135.59999999999997
FRB20190313B,False,-9999,1191.248,0.00064,0.00444,0.67,2.74,-1.5,0.7,400.2,400.00000000000006
FRB20190313A,True,FRB20181119A,364.5,0.00186,0.0031,0.41,1.48,20.9,-16.7,747.9,284.4000000000001
FRB20190316A,False,-9999,515.9273,0.000834,0.00098,1.31,2.53,9.1,-15.5,536.1,388.00000000000006
FRB20190317A,False,-9999,1157.2595,0.00071,0.00092,0.54,1.24,9.1,-12.1,582.6,400.00000000000006
FRB20190317B,False,-9999,424.314,0.00125,0.0016,0.65,1.89,0.1,-0.1,512.6,400.00000000000006
FRB20190317C,False,-9999,598.263,0.0014,0.0234,0.43,7.8,3.4,-10.3,472.6,358.8
FRB20190317F,False,-9999,1118.109,0.0017,0.00902,1.65,26.0,1.18,-7.09,434.8,368.59999999999997
FRB20190317E,False,-9999,800.88,0.00167,0.0021,2.17,7.3,-0.2,0.5,800.2,400.00000000000006
FRB20190318A,False,-9999,419.2661,0.00093,0.00623,1.55,14.2,0.04,-3.04,402.9,400.00000000000006
FRB20190319A,False,-9999,2039.936,0.00147,0.0036,2.78,19.4,4.2,-4.4,640.9,400.00000000000006
FRB20190320A,False,-9999,614.146,0.00118,0.00126,0.94,4.4,-2.0,0.6,400.2,400.00000000000006
FRB20190320B,False,-9999,489.4949,0.000932,0.0011,0.73,1.9,-1.1,-1.8,400.2,400.00000000000006
FRB20190320C,False,-9999,368.7898,0.00104,0.0013,1.24,3.14,0.4,-2.2,442.0,400.00000000000006
FRB20190320D,False,-9999,1141.35,0.0058,0.02,0.49,11.4,9.2,-10.0,634.8,400.00000000000006
FRB20190320E,False,-9999,299.135,0.000833,0.00072,4.4,12.3,6.06,-7.7,592.6,400.00000000000006
FRB20190322A,False,-9999,1060.118,0.00283,0.0112,0.64,10.1,4.8,-7.0,563.0,400.00000000000006
FRB20190322B,False,-9999,576.982,0.0013,0.0017,0.61,2.04,-0.1,-6.2,400.2,325.50000000000006
FRB20190322C,False,-9999,1192.0806,0.00014,0.001014,4.1,13.0,-0.2,-1.47,400.2,400.00000000000006
FRB20190323A,False,-9999,857.5038,0.00054,0.00263,0.67,2.71,1.8,-2.9,542.7,400.00000000000006
FRB20190323B,False,-9999,789.56311,0.000134,0.000134,6.94,10.6,5.8,-7.6,586.4,400.00000000000006
FRB20190323C,False,-9999,381.118,0.00031,0.00108,0.56,1.38,2.7,-10.7,454.3,322.3
FRB20190323D,False,-9999,763.65,0.00543,0.007,0.37,2.49,-7.5,-3.0,400.2,128.59999999999997
FRB20190325A,False,-9999,359.289,0.00156,0.0018,1.31,4.6,-0.8,-1.2,400.2,400.00000000000006
FRB20190325B,False,-9999,1733.918,0.00135,0.00208,0.7,3.81,2.2,-6.2,476.9,400.00000000000006
FRB20190325C,False,-9999,797.83,0.0032,0.0039,0.63,3.83,4.1,-6.7,542.7,400.00000000000006
FRB20190326A,False,-9999,283.3113,0.000457,0.00055,1.02,1.51,2.1,-7.7,458.0,391.50000000000006
FRB20190328A,False,-9999,1303.58,0.0074,0.01,0.43,2.66,-4.6,3.6,400.2,400.00000000000006
FRB20190328B,False,-9999,565.001,0.0016,0.002,0.72,2.14,9.0,-13.5,559.5,400.00000000000006
FRB20190328C,False,-9999,472.8607,0.00077,0.0023,4.7,14.9,0.7,-2.7,459.0,400.00000000000006
FRB20190329A,False,-9999,188.606,0.00104,0.0009,0.52,2.24,42.0,-272.0,432.3,73.69999999999999
FRB20190330A,False,-9999,508.965,0.00097,0.00051,0.37,1.14,-1.1,-3.1,400.2,400.00000000000006
FRB20190330B,False,-9999,668.0927,0.000342,0.00023,2.79,5.3,0.91,-5.34,435.9,400.00000000000006
FRB20190401A,False,-9999,783.216,0.00352,0.0039,1.05,8.6,1.47,-4.1,479.1,400.00000000000006
FRB20190402A,False,-9999,1291.69,0.00533,0.0066,0.3,1.34,4.1,-16.7,453.3,257.2
FRB20190403G,False,-9999,865.311,0.00159,0.0019,0.75,1.59,35.7,-76.0,506.6,177.70000000000005
FRB20190403A,False,-9999,518.834,0.0015,0.0018,1.12,3.19,4.4,-8.9,513.6,400.00000000000006
FRB20190403B,False,-9999,292.473,0.00235,0.00578,2.7,23.8,2.8,-11.1,453.2,314.09999999999997
FRB20190403C,False,-9999,935.009,0.00087,0.00186,0.37,1.53,-1.3,-6.7,400.2,258.8
FRB20190403D,False,-9999,613.458,0.00131,0.0017,0.65,1.75,-2.4,-3.1,400.2,300.7
FRB20190403E,False,-9999,226.198,0.0022,0.0182,3.9,76.0,31.7,-36.2,620.6,316.6
FRB20190403F,False,-9999,664.184,0.00104,0.0105,0.58,7.1,-3.6,1.2,400.2,400.00000000000006
FRB20190404A,False,-9999,1353.9007,0.00136,0.00106,1.17,4.5,-1.32,0.0,400.2,400.00000000000006
FRB20190404B,False,-9999,489.42307,0.0003315,0.0001111,8.6,16.3,-2.29,-2.66,400.2,325.09999999999997
FRB20190405A,False,-9999,424.884,0.00111,0.00249,0.65,2.5,3.3,-11.7,460.0,316.50000000000006
FRB20190405B,False,-9999,1113.218,0.00082,0.00501,3.4,17.5,6.9,-7.9,620.7,400.00000000000006
FRB20190406A,True,FRB20190208A,580.2254,0.00127,0.0015,0.53,2.3,20.6,-34.5,539.4,281.9
FRB20190408A,False,-9999,863.3796,0.000839,0.001,0.64,1.51,35.7,-49.0,576.6,252.39999999999998
FRB20190409A,False,-9999,1791.8908,0.00023,0.00171,3.0,8.7,3.3,-6.1,524.7,400.00000000000006
FRB20190409B,False,-9999,285.633,0.00234,0.0209,0.39,6.8,21.1,-34.1,545.5,286.69999999999993
FRB20190409C,False,-9999,674.631,0.00108,0.0013,1.04,2.17,0.4,-5.0,418.3,400.00000000000006
FRB20190409D,False,-9999,1300.118,0.00155,0.0018,0.59,2.74,5.1,-10.8,507.6,400.00000000000006
FRB20190410A,False,-9999,284.02,0.00101,0.0012,1.59,5.8,43.0,-85.0,515.7,170.5
FRB20190410B,False,-9999,642.1699,0.000423,0.000211,0.22,0.45,18.7,-73.4,454.4,142.3
FRB20190411A,False,-9999,460.5552,0.000417,0.0006,1.24,1.41,-1.7,3.9,800.2,400.00000000000006
FRB20190411B,False,-9999,1229.581,0.00138,0.0017,0.89,3.7,1.2,-2.5,507.5,400.00000000000006
FRB20190411C,False,-9999,233.66,0.001023,0.0011,3.19,9.3,24.3,-26.1,636.5,327.1
FRB20190411C,False,-9999,233.66,0.00089,0.0011,3.19,9.3,11.7,-12.5,640.1,383.6
FRB20190412A,False,-9999,364.7329,0.001243,0.0014,1.77,6.9,7.11,-6.25,706.8,400.00000000000006
FRB20190412B,False,-9999,375.75,0.0068,0.0155,0.68,12.8,-4.0,-2.7,400.2,225.3
FRB20190414A,False,-9999,811.981,0.00195,0.0024,0.44,1.74,-3.4,-0.7,400.2,327.90000000000003
FRB20190414B,False,-9999,506.489,0.00457,0.0058,0.49,3.8,-2.2,-1.1,400.2,400.00000000000006
FRB20190415A,False,-9999,633.681,0.00248,0.0031,0.57,3.7,1.9,-5.2,481.7,400.00000000000006
FRB20190415B,False,-9999,722.993,0.00361,0.01861,0.85,22.3,5.94,-11.49,518.3,400.00000000000006
FRB20190415C,False,-9999,650.182,0.00055,0.00087,0.46,0.77,13.4,-32.0,495.3,248.7
FRB20190416A,False,-9999,2287.265,0.00072,0.0017,0.6,2.8,2.9,-9.6,465.6,360.00000000000006
FRB20190416B,False,-9999,575.36,0.00079,0.000491,0.69,1.47,-3.6,-23.5,400.2,111.69999999999999
FRB20190417B,False,-9999,1161.2,0.0019,0.0283,0.46,9.9,4.0,-6.5,545.5,400.00000000000006
FRB20190417A,True,FRB20190417A,1380.08,0.00299,0.0033,0.49,5.8,88.7,-133.0,558.9,147.70000000000005
FRB20190417C,False,-9999,320.23188,0.0004132,0.00043,7.9,10.8,24.78,-32.41,586.6,316.49999999999994
FRB20190418A,False,-9999,184.5069,0.000706,0.00078,0.99,2.2,-4.8,-3.7,400.2,179.50000000000006
FRB20190419A,False,-9999,439.972,0.00185,0.0024,0.41,0.77,1.0,-29.0,407.1,138.40000000000003
FRB20190419B,False,-9999,165.0752,0.000656,0.000246,4.6,7.9,5.65,-14.3,487.6,328.2
FRB20190420B,False,-9999,846.8432,0.0003,0.00392,2.2,15.1,2.89,-8.1,478.4,400.00000000000006
FRB20190420A,False,-9999,609.0998,0.00077,0.00264,0.88,3.11,11.5,-6.1,800.2,271.5
FRB20190420C,False,-9999,629.954,0.00195,0.008,0.44,4.13,-0.5,-6.4,400.2,299.8
FRB20190421A,True,FRB20190303A,223.641,0.00314,0.0038,0.38,5.3,63.0,-68.0,633.4,233.79999999999995
FRB20190421A,True,FRB20190303A,223.641,0.00346,0.0038,0.38,5.3,50.2,-66.0,585.3,219.79999999999995
FRB20190421B,False,-9999,392.2475,0.001123,0.0012,5.1,16.4,-0.13,-0.8,400.2,400.00000000000006
FRB20190422B,False,-9999,977.386,0.00324,0.0042,0.22,1.57,-7.2,7.6,400.2,400.00000000000006
FRB20190422A,False,-9999,452.302,0.00322,0.0027,0.6,9.1,42.0,-46.9,626.1,279.7
FRB20190422A,False,-9999,452.302,0.00231,0.0027,0.6,9.1,54.2,-63.7,612.3,234.2
FRB20190422A,False,-9999,452.302,0.002,0.0027,0.6,9.1,24.0,-32.0,582.8,318.90000000000003
FRB20190423A,False,-9999,242.64562,0.0004139,0.0005385,10.8,55.4,11.19,-30.52,480.7,232.40000000000003
FRB20190423A,False,-9999,242.64562,0.002366,0.0005385,10.8,55.4,-3.66,-5.59,400.2,192.8
FRB20190423B,False,-9999,584.949,0.00249,0.003,0.87,7.0,62.4,-106.0,537.6,159.3
FRB20190423B,False,-9999,584.949,0.0085,0.003,0.87,7.0,63.0,-116.0,524.6,148.5
FRB20190423C,False,-9999,855.5273,0.00016,0.00248,1.23,4.37,1.9,-12.3,433.0,267.8
FRB20190423D,False,-9999,496.455,0.0019,0.007,1.71,18.0,10.3,-14.8,565.9,400.00000000000006
FRB20190424A,False,-9999,758.672,0.000666,0.00075,1.13,1.99,4.9,-12.4,487.9,351.00000000000006
FRB20190425A,False,-9999,128.15774,0.0003799,0.00038,18.6,31.6,8.26,-10.56,591.8,400.00000000000006
FRB20190425B,False,-9999,1031.7236,0.001108,0.0013,1.25,3.1,22.4,-65.6,474.8,172.40000000000003
FRB20190426A,False,-9999,340.6624,0.000398,0.00043,1.59,2.01,27.0,-71.7,483.0,174.09999999999997
FRB20190427A,False,-9999,455.7828,0.000339,0.00065,3.9,9.5,-2.62,3.3,400.2,400.00000000000006
FRB20190428A,False,-9999,969.4001,0.000374,0.00363,2.22,7.4,54.0,-48.8,696.0,240.10000000000002
FRB20190429A,False,-9999,470.884,0.00125,0.0016,0.8,1.83,3.7,-4.6,603.0,400.00000000000006
FRB20190429B,False,-9999,295.65,0.00638,0.0078,0.74,5.0,99.0,-910.0,422.4,42.400000000000034
FRB20190430B,False,-9999,2619.399,0.0033,0.0086,0.38,1.52,0.0,-2.4,403.8,400.00000000000006
FRB20190430A,False,-9999,339.25,0.00338,0.00323,0.75,7.7,4.7,-29.1,433.8,174.40000000000003
FRB20190430C,False,-9999,400.561,0.000893,0.0011,2.17,5.1,48.7,-48.8,659.3,269.6
FRB20190501B,False,-9999,784.068,0.000932,0.0011,0.88,3.2,-0.03,-6.8,400.2,314.59999999999997
FRB20190501B,False,-9999,784.068,0.00084,0.0011,0.88,3.2,-1.2,-1.0,400.2,400.00000000000006
FRB20190502A,False,-9999,625.7691,0.000849,0.000995,3.18,11.5,-4.64,3.76,400.2,400.00000000000006
FRB20190502B,False,-9999,918.6143,0.001201,0.000609,2.58,10.1,1.74,-3.99,498.1,400.00000000000006
FRB20190502C,False,-9999,396.835,0.000527,0.00032,3.6,8.3,9.0,-26.8,473.2,234.09999999999997
FRB20190515A,False,-9999,450.503,0.00177,0.0383,0.55,16.8,4.87,-9.5,517.1,400.00000000000006
FRB20190515B,False,-9999,822.1887,0.00038,0.00188,2.8,11.3,0.77,-9.3,417.0,285.40000000000003
FRB20190515C,True,FRB20190213A,652.39,0.00494,0.0061,0.48,5.5,35.2,-62.0,531.5,206.0
FRB20190515D,False,-9999,426.0611,0.00042,0.00149,3.0,8.8,30.6,-54.3,530.2,219.89999999999998
FRB20190516B,False,-9999,1235.416,0.00149,0.00372,1.13,9.9,1.1,-12.2,419.4,246.90000000000003
FRB20190517D,False,-9999,1180.148,0.0023,0.0063,0.45,5.8,0.1,-3.6,406.8,400.00000000000006
FRB20190517B,True,FRB20180814A,191.72,0.0058,0.0078,0.48,4.2,32.4,-105.0,466.7,138.5
FRB20190517C,False,-9999,335.5746,0.000377,0.000149,3.1,8.7,8.48,-50.2,435.5,139.2
FRB20190518B,False,-9999,913.7722,0.00061,0.00071,1.53,2.1,0.4,-1.1,478.4,400.00000000000006
FRB20190518C,False,-9999,444.0795,0.000635,0.000288,6.7,14.8,6.39,-15.1,494.3,330.00000000000006
FRB20190518D,False,-9999,202.4551,0.00026,0.000387,1.36,3.0,5.4,-15.6,475.6,298.3
FRB20190518A,True,FRB20180916B,349.607,0.00207,0.0027,0.33,1.45,5.1,-28.0,437.9,182.40000000000003
FRB20190518E,True,FRB20180916B,350.1451,0.00196,0.0022,0.79,3.81,7.2,-2.6,800.2,305.50000000000006
FRB20190518G,False,-9999,524.9464,0.000666,0.00072,0.99,1.76,19.8,-75.3,456.4,143.40000000000003
FRB20190519D,False,-9999,539.771,0.00183,0.002,0.36,0.81,-1.46,-1.9,400.2,400.00000000000006
FRB20190519E,False,-9999,693.8297,0.000414,0.00045,1.0,1.46,2.0,4.1,800.2,249.20000000000005
FRB20190519F,False,-9999,797.766,0.00136,0.00136,0.75,4.0,21.7,-86.4,453.9,134.2
FRB20190519G,False,-9999,430.094,0.00306,0.0111,1.11,22.0,1.74,-5.34,471.1,400.00000000000006
FRB20190519H,False,-9999,1170.8729,0.000255,0.000309,3.2,6.6,2.33,-14.0,435.0,252.7
FRB20190519A,True,FRB20180916B,348.7128,0.000269,0.00036,1.18,3.9,96.6,-183.0,521.3,117.20000000000005
FRB20190519A,True,FRB20180916B,348.7128,0.00128,0.00036,1.18,3.9,78.9,-215.0,480.6,99.5
FRB20190519B,True,FRB20180916B,349.28,0.00203,0.0022,0.97,12.4,53.5,-53.0,662.5,262.30000000000007
FRB20190519B,True,FRB20180916B,349.28,0.00151,0.0022,0.97,12.4,24.3,-33.0,575.6,305.8
FRB20190519B,True,FRB20180916B,349.28,0.00606,0.0022,0.97,12.4,41.5,-83.0,514.3,172.40000000000003
FRB20190519B,True,FRB20180916B,349.28,0.00219,0.0022,0.97,12.4,37.9,-113.0,473.1,135.3
FRB20190519C,True,FRB20180916B,349.064,0.00288,0.0032,0.64,4.0,27.1,-68.6,487.5,179.7
FRB20190519J,False,-9999,642.759,0.00046,0.000501,0.63,1.7,24.3,-259.0,419.5,60.80000000000001
FRB20190520A,False,-9999,432.5063,0.000649,0.00071,1.08,2.4,11.4,-54.3,444.4,145.8
FRB20190527A,False,-9999,584.58,0.00267,0.00508,0.47,10.1,47.0,-122.0,484.7,133.70000000000005
FRB20190527A,False,-9999,584.58,0.00247,0.00508,0.47,10.1,30.7,-133.0,449.1,112.00000000000006
FRB20190527B,True,FRB20181128A,449.819,0.00212,0.0033,0.36,2.04,11.8,-12.7,637.0,384.00000000000006
FRB20190527C,False,-9999,535.4368,0.000491,0.00381,3.0,20.0,0.65,-3.97,434.3,400.00000000000006
FRB20190529A,False,-9999,704.45,0.00104,0.0015,0.47,1.45,24.2,-97.0,453.4,128.7
FRB20190530A,False,-9999,555.445,0.00102,0.0013,0.58,1.69,17.7,-91.0,441.1,117.09999999999997
FRB20190531A,False,-9999,324.6981,0.000628,0.00075,0.0,0.0,5.6,-15.0,482.8,314.00000000000006
FRB20190531B,False,-9999,167.9597,0.0006703,0.00069,0.0,0.0,15.15,-44.4,474.6,195.7
FRB20190531C,False,-9999,478.202,0.00145,0.0019,0.37,1.2,18.3,-74.0,453.0,140.40000000000003
FRB20190531E,False,-9999,328.2034,0.000465,0.00056,2.7,5.3,1.1,4.6,800.2,273.20000000000005
FRB20190601A,False,-9999,2227.891,0.00172,0.0021,0.73,2.7,7.3,-7.8,638.9,400.00000000000006
FRB20190601B,False,-9999,787.795,0.00404,0.00567,1.0,13.0,9.7,-68.6,429.5,115.69999999999999
FRB20190601D,False,-9999,668.47,0.00467,0.0061,0.63,5.7,-2.9,0.3,400.2,400.00000000000006
FRB20190601C,False,-9999,424.0656,0.000684,0.000119,1.32,5.8,35.3,-68.8,517.0,190.19999999999993
FRB20190601C,False,-9999,424.0656,0.00051,0.000119,1.32,5.8,36.1,-79.5,502.2,171.79999999999995
FRB20190603B,False,-9999,504.317,0.00154,0.0019,1.7,6.2,-0.2,-6.8,400.2,305.90000000000003
FRB20190603A,True,FRB20180916B,349.581,0.00171,0.0022,0.57,0.76,17.3,-15.9,691.2,328.00000000000006
FRB20190604D,False,-9999,1021.169,0.00163,0.0019,0.82,2.48,6.3,-7.1,622.6,400.00000000000006
FRB20190604A,True,FRB20190604A,552.485,0.00184,0.00183,0.92,7.8,29.1,-182.4,433.4,84.69999999999999
FRB20190604E,False,-9999,1218.5965,0.000962,0.0011,1.16,2.26,-1.2,-2.5,400.2,400.00000000000006
FRB20190604F,True,FRB20180916B,348.7248,0.000854,0.002,3.37,21.0,59.2,-58.5,663.7,255.9000000000001
FRB20190604F,True,FRB20180916B,348.7248,0.00087,0.002,3.37,21.0,66.6,-79.2,609.5,208.89999999999998
FRB20190604F,True,FRB20180916B,348.7248,0.00112,0.002,3.37,21.0,66.0,-107.0,544.0,160.2
FRB20190604C,False,-9999,515.636,0.00541,0.011,1.56,26.2,2.56,-10.59,451.6,319.59999999999997
FRB20190604G,False,-9999,233.0453,0.00119,0.000311,1.15,4.49,-2.52,-0.5,400.2,400.00000000000006
FRB20190605C,False,-9999,187.6421,0.000495,0.00052,4.6,4.4,9.9,-40.5,452.2,173.7
FRB20190605D,False,-9999,1656.5332,0.001069,0.0012,0.82,2.16,48.3,-50.8,643.9,276.20000000000005
FRB20190605A,True,FRB20180916B,349.816,0.00213,0.00076,1.39,7.5,56.7,-116.4,510.6,144.20000000000005
FRB20190605B,True,FRB20180916B,348.711,0.002,0.00172,1.81,24.9,12.1,-70.4,436.2,122.50000000000006
FRB20190605B,True,FRB20180916B,348.711,0.00125,0.00172,1.81,24.9,19.6,-80.2,452.2,135.50000000000006
FRB20190605B,True,FRB20180916B,348.711,0.00074,0.00172,1.81,24.9,49.5,-179.0,459.7,104.59999999999997
FRB20190606A,True,FRB20190604A,552.592,0.00133,0.0017,0.48,1.87,41.8,-62.5,559.0,215.99999999999994
FRB20190606B,False,-9999,277.486,0.00101,0.00481,2.62,17.4,12.4,-17.5,569.2,400.00000000000006
FRB20190607A,False,-9999,562.4528,0.001736,0.000395,4.35,21.3,-0.99,-3.73,400.2,377.2
FRB20190607B,False,-9999,289.376,0.000916,0.0011,1.06,3.2,2.0,-0.7,800.2,400.00000000000006
FRB20190609B,False,-9999,292.1875,0.00055,0.00057,11.5,22.2,4.11,-10.46,487.1,378.50000000000006
FRB20190609C,False,-9999,480.282,0.00207,0.0026,0.64,1.91,15.2,-138.0,422.9,81.10000000000002
FRB20190609D,False,-9999,511.714,0.00158,0.002,0.66,2.36,-1.6,-17.0,400.2,152.40000000000003
FRB20190614B,False,-9999,581.9146,0.000648,0.00068,4.5,8.4,0.81,-2.75,463.9,400.00000000000006
FRB20190614C,False,-9999,589.163,0.00259,0.0033,0.5,2.91,-9.4,9.6,400.2,400.00000000000006
FRB20190621A,True,FRB20180908B,197.32,0.0086,0.011,0.2,0.88,0.1,-53.0,400.7,93.10000000000002
FRB20190621B,False,-9999,1061.234,0.00138,0.0018,0.3,1.19,-0.5,-7.7,400.2,270.7
FRB20190621C,False,-9999,570.2672,0.000443,0.00051,1.98,2.38,39.1,-101.0,485.4,146.89999999999998
FRB20190621D,False,-9999,647.514,0.00229,0.0026,0.89,4.3,7.4,-22.3,472.1,250.90000000000003
FRB20190622A,False,-9999,1122.818,0.00119,0.0014,0.61,1.28,0.9,-15.6,411.9,204.8
FRB20190623A,False,-9999,1082.201,0.00098,0.0012,0.41,0.86,4.1,-12.8,469.8,318.40000000000003
FRB20190623B,False,-9999,1556.765,0.00044,0.00072,1.58,2.78,54.2,-57.1,643.3,260.19999999999993
FRB20190623C,False,-9999,1049.826,0.00018,0.00159,1.92,5.9,-0.4,-0.6,400.2,400.00000000000006
FRB20190624A,False,-9999,973.847,0.00152,0.00095,0.58,3.01,-5.3,2.2,400.2,303.8
FRB20190624B,False,-9999,213.9222,0.000372,0.0004,16.5,20.0,34.8,-43.2,598.8,278.9
FRB20190625A,False,-9999,302.14,0.00392,0.0169,0.35,11.9,-1.1,-8.1,400.2,239.50000000000006
FRB20190625E,True,FRB20180814A,188.533,0.00083,0.00066,0.84,4.2,48.0,-292.0,434.6,74.69999999999999
FRB20190625E,True,FRB20180814A,188.533,0.00097,0.00066,0.84,4.2,60.3,-422.0,429.8,62.5
FRB20190625E,True,FRB20180814A,188.533,0.00062,0.00066,0.84,4.2,0.0,-115.0,400.2,60.900000000000034
FRB20190625C,False,-9999,442.2388,0.000547,0.00063,2.22,4.02,0.3,-5.9,410.7,368.50000000000006
FRB20190625D,False,-9999,717.8831,0.000687,0.00072,5.3,12.1,17.84,-76.1,450.0,135.3
FRB20190626A,True,FRB20180814A,192.49,0.00835,0.0098,0.43,5.3,28.0,-248.0,423.0,64.0
FRB20190627A,False,-9999,404.2213,0.000663,0.0008,1.98,2.62,9.3,-27.3,474.6,234.40000000000003
FRB20190627B,False,-9999,430.3224,0.000444,0.00062,4.06,10.2,2.08,-4.61,501.6,400.00000000000006
FRB20190627C,False,-9999,968.6127,0.00082,0.000164,4.0,11.3,-0.19,-3.33,400.2,400.00000000000006
FRB20190627D,False,-9999,2002.242,0.0014,0.0027,0.236,1.54,5.2,-13.9,482.4,324.09999999999997
FRB20190628A,False,-9999,745.843,0.000477,0.00058,0.81,1.28,4.7,-6.4,579.1,400.00000000000006
FRB20190628B,False,-9999,408.009,0.00027,0.000471,0.75,1.39,-6.0,-0.4,400.2,183.3
FRB20190628C,False,-9999,1748.44,0.0042,0.0039,0.38,2.45,1.8,-11.7,433.1,275.00000000000006
FRB20190629A,False,-9999,503.779,0.00114,0.0017,0.82,3.05,24.7,-35.3,568.2,293.5
FRB20190630B,False,-9999,652.145,0.00187,0.01197,0.92,14.7,2.59,-4.72,526.8,400.00000000000006
FRB20190630A,True,FRB20190117A,392.438,0.00075,0.00518,0.4,4.8,42.2,-121.0,476.6,132.0
FRB20190630C,False,-9999,1660.347,0.00121,0.0015,0.66,2.27,1.9,-10.0,439.7,309.50000000000006
FRB20190630D,False,-9999,323.5174,0.000555,0.00063,1.73,2.6,-2.3,-1.6,400.2,380.40000000000003
FRB20190701A,False,-9999,637.0934,0.000608,0.00072,1.26,1.7,-1.1,3.3,800.2,400.00000000000006
FRB20190701B,False,-9999,749.114,0.00063,0.00034,1.1,1.9,3.9,-11.8,471.5,332.59999999999997
FRB20190701C,False,-9999,974.195,0.00144,0.0018,0.88,2.5,46.2,-211.0,446.4,93.30000000000001
FRB20190701D,False,-9999,933.3629,0.0014,0.00153,1.33,8.6,6.49,-20.9,467.6,251.59999999999997
FRB20190701E,False,-9999,890.4771,0.00042,0.00067,0.68,2.0,0.3,-5.1,410.3,400.00000000000006
