type,strength,method,mean_rec,std_rec
A_global,0.25,cad,0.0,0.0
A_global,0.25,cblof,0.0,0.0
A_global,0.25,eif,0.0,0.0
A_global,0.25,knn,0.22999999999999998,0.08366600265340754
A_global,0.25,lof,0.39,0.0894427190999916
A_global,0.25,subspace,0.38,0.05700877125495692
A_global,0.25,subspace_max,0.82,0.09746794344808964
A_global,0.5,cad,0.6,0.10606601717798213
A_global,0.5,cblof,0.79,0.06519202405202648
A_global,0.5,eif,0.8300000000000001,0.057008771254956896
A_global,0.5,knn,0.9800000000000001,0.027386127875258317
A_global,0.5,lof,0.97,0.02738612787525832
A_global,0.5,subspace,0.9800000000000001,0.02738612787525833
A_global,0.5,subspace_max,0.9800000000000001,0.027386127875258334
A_global,0.75,cad,0.9099999999999999,0.04183300132670378
A_global,0.75,cblof,1.0,0.0
A_global,0.75,eif,1.0,0.0
A_global,0.75,knn,1.0,0.0
A_global,0.75,lof,1.0,0.0
A_global,0.75,subspace,0.99,0.02236067977499793
A_global,0.75,subspace_max,1.0,0.0
A_global,1.0,cad,0.99,0.022360679774997935
A_global,1.0,cblof,1.0,0.0
A_global,1.0,eif,1.0,0.0
A_global,1.0,knn,1.0,0.0
A_global,1.0,lof,1.0,0.0
A_global,1.0,subspace,1.0,0.0
A_global,1.0,subspace_max,1.0,0.0
A_global,1.5,cad,1.0,0.0
A_global,1.5,cblof,1.0,0.0
A_global,1.5,eif,1.0,0.0
A_global,1.5,knn,1.0,0.0
A_global,1.5,lof,1.0,0.0
A_global,1.5,subspace,1.0,0.0
A_global,1.5,subspace_max,1.0,0.0
A_global,2.0,cad,1.0,0.0
A_global,2.0,cblof,1.0,0.0
A_global,2.0,eif,1.0,0.0
A_global,2.0,knn,1.0,0.0
A_global,2.0,lof,1.0,0.0
A_global,2.0,subspace,1.0,0.0
A_global,2.0,subspace_max,1.0,0.0
B_local,0.25,cad,0.12000000000000002,0.0570087712549569
B_local,0.25,cblof,0.13,0.05700877125495691
B_local,0.25,eif,0.12,0.08366600265340755
B_local,0.25,knn,0.13,0.0447213595499958
B_local,0.25,lof,0.19,0.041833001326703784
B_local,0.25,subspace,0.24,0.11937336386313323
B_local,0.25,subspace_max,0.5,0.07905694150420949
B_local,0.5,cad,0.21000000000000002,0.09617692030835671
B_local,0.5,cblof,0.22999999999999998,0.07582875444051551
B_local,0.5,eif,0.26,0.06519202405202647
B_local,0.5,knn,0.4600000000000001,0.06519202405202648
B_local,0.5,lof,0.52,0.07582875444051551
B_local,0.5,subspace,0.61,0.10246950765959599
B_local,0.5,subspace_max,0.85,0.09354143466934854
B_local,0.75,cad,0.39,0.21908902300206642
B_local,0.75,cblof,0.43,0.12041594578792297
B_local,0.75,eif,0.48,0.13038404810405305
B_local,0.75,knn,0.8,0.1457737973711325
B_local,0.75,lof,0.8800000000000001,0.1254990039801113
B_local,0.75,subspace,0.89,0.05477225575051665
B_local,0.75,subspace_max,0.99,0.022360679774997918
B_local,1.0,cad,0.55,0.09354143466934849
B_local,1.0,cblof,0.6900000000000001,0.0741619848709566
B_local,1.0,eif,0.62,0.09746794344808968
B_local,1.0,knn,0.8699999999999999,0.06708203932499363
B_local,1.0,lof,0.9400000000000001,0.08215838362577489
B_local,1.0,subspace,0.9400000000000001,0.054772255750516606
B_local,1.0,subspace_max,0.97,0.04472135954999578
B_local,1.5,cad,0.9,0.07905694150420951
B_local,1.5,cblof,0.96,0.06519202405202648
B_local,1.5,eif,0.96,0.04183300132670376
B_local,1.5,knn,0.99,0.022360679774997935
B_local,1.5,lof,1.0,0.0
B_local,1.5,subspace,1.0,0.0
B_local,1.5,subspace_max,1.0,0.0
B_local,2.0,cad,0.97,0.027386127875258317
B_local,2.0,cblof,0.99,0.02236067977499793
B_local,2.0,eif,0.99,0.022360679774997918
B_local,2.0,knn,1.0,0.0
B_local,2.0,lof,1.0,0.0
B_local,2.0,subspace,1.0,0.0
B_local,2.0,subspace_max,1.0,0.0
C_collective,0.25,cad,0.0,0.0
C_collective,0.25,cblof,0.0,0.0
C_collective,0.25,eif,0.0,0.0
C_collective,0.25,knn,0.0,0.0
C_collective,0.25,lof,0.0,0.0
C_collective,0.25,subspace,0.0,0.0
C_collective,0.25,subspace_max,0.0,0.0
C_collective,0.5,cad,0.13999999999999999,0.31304951684997057
C_collective,0.5,cblof,0.2,0.4472135954999579
C_collective,0.5,eif,0.2,0.4472135954999579
C_collective,0.5,knn,0.0,0.0
C_collective,0.5,lof,0.0,0.0
C_collective,0.5,subspace,0.0,0.0
C_collective,0.5,subspace_max,0.0,0.0
C_collective,0.75,cad,0.0,0.0
C_collective,0.75,cblof,0.0,0.0
C_collective,0.75,eif,0.0,0.0
C_collective,0.75,knn,0.0,0.0
C_collective,0.75,lof,0.0,0.0
C_collective,0.75,subspace,0.0,0.0
C_collective,0.75,subspace_max,0.0,0.0
C_collective,1.0,cad,0.0,0.0
C_collective,1.0,cblof,0.2,0.447213595499958
C_collective,1.0,eif,0.0,0.0
C_collective,1.0,knn,0.0,0.0
C_collective,1.0,lof,0.0,0.0
C_collective,1.0,subspace,0.0,0.0
C_collective,1.0,subspace_max,0.0,0.0
C_collective,1.5,cad,0.0,0.0
C_collective,1.5,cblof,0.0,0.0
C_collective,1.5,eif,0.0,0.0
C_collective,1.5,knn,0.0,0.0
C_collective,1.5,lof,0.0,0.0
C_collective,1.5,subspace,0.0,0.0
C_collective,1.5,subspace_max,0.0,0.0
C_collective,2.0,cad,0.0,0.0
C_collective,2.0,cblof,0.0,0.0
C_collective,2.0,eif,0.0,0.0
C_collective,2.0,knn,0.0,0.0
C_collective,2.0,lof,0.2,0.447213595499958
C_collective,2.0,subspace,0.0,0.0
C_collective,2.0,subspace_max,0.0,0.0
C_separated,0.25,cad,0.0,0.0
C_separated,0.25,cblof,0.1625,0.36336104634371585
C_separated,0.25,eif,0.0,0.0
C_separated,0.25,knn,0.0,0.0
C_separated,0.25,lof,0.0,0.0
C_separated,0.25,subspace,0.0225,0.016298006013006624
C_separated,0.25,subspace_max,0.005,0.006846531968814577
C_separated,0.5,cad,0.0,0.0
C_separated,0.5,cblof,0.2,0.4472135954999579
C_separated,0.5,eif,0.03,0.0670820393249937
C_separated,0.5,knn,0.0,0.0
C_separated,0.5,lof,0.0,0.0
C_separated,0.5,subspace,0.0225,0.013693063937629152
C_separated,0.5,subspace_max,0.01,0.016298006013006624
C_separated,0.75,cad,0.0,0.0
C_separated,0.75,cblof,0.395,0.5409482415166907
C_separated,0.75,eif,0.0,0.0
C_separated,0.75,knn,0.0,0.0
C_separated,0.75,lof,0.0,0.0
C_separated,0.75,subspace,0.034999999999999996,0.010458250331675944
C_separated,0.75,subspace_max,0.0325,0.016770509831248424
C_separated,1.0,cad,0.0,0.0
C_separated,1.0,cblof,0.6,0.5477225575051662
C_separated,1.0,eif,0.21750000000000003,0.43261559148971973
C_separated,1.0,knn,0.0,0.0
C_separated,1.0,lof,0.0,0.0
C_separated,1.0,subspace,0.04,0.027099354235848496
C_separated,1.0,subspace_max,0.0325,0.006846531968814576
C_separated,1.5,cad,0.0,0.0
C_separated,1.5,cblof,1.0,0.0
C_separated,1.5,eif,0.2,0.447213595499958
C_separated,1.5,knn,0.0,0.0
C_separated,1.5,lof,0.0,0.0
C_separated,1.5,subspace,0.04,0.025617376914898998
C_separated,1.5,subspace_max,0.052500000000000005,0.022360679774997894
C_separated,2.0,cad,0.0,0.0
C_separated,2.0,cblof,0.8,0.4472135954999579
C_separated,2.0,eif,0.675,0.39794393449329013
C_separated,2.0,knn,0.0,0.0
C_separated,2.0,lof,0.0,0.0
C_separated,2.0,subspace,0.0375,0.019764235376052368
C_separated,2.0,subspace_max,0.0425,0.03708099243547831
D_subspace,0.25,cad,0.07,0.02738612787525831
D_subspace,0.25,cblof,0.11000000000000001,0.06519202405202648
D_subspace,0.25,eif,0.06000000000000001,0.041833001326703784
D_subspace,0.25,knn,0.18,0.1036822067666386
D_subspace,0.25,lof,0.16,0.0821583836257749
D_subspace,0.25,subspace,0.13,0.07582875444051551
D_subspace,0.25,subspace_max,0.62,0.057008771254956916
D_subspace,0.5,cad,0.04,0.041833001326703784
D_subspace,0.5,cblof,0.06,0.0651920240520265
D_subspace,0.5,eif,0.02,0.027386127875258306
D_subspace,0.5,knn,0.13,0.07582875444051551
D_subspace,0.5,lof,0.16999999999999998,0.0570087712549569
D_subspace,0.5,subspace,0.25,0.04999999999999999
D_subspace,0.5,subspace_max,0.67,0.12549900398011132
D_subspace,0.75,cad,0.05,0.03535533905932738
D_subspace,0.75,cblof,0.06000000000000001,0.041833001326703784
D_subspace,0.75,eif,0.04,0.041833001326703784
D_subspace,0.75,knn,0.24,0.0821583836257749
D_subspace,0.75,lof,0.27,0.1604680653588121
D_subspace,0.75,subspace,0.16999999999999998,0.0758287544405155
D_subspace,0.75,subspace_max,0.72,0.12041594578792293
D_subspace,1.0,cad,0.06999999999999999,0.0570087712549569
D_subspace,1.0,cblof,0.07,0.044721359549995794
D_subspace,1.0,eif,0.05,0.035355339059327376
D_subspace,1.0,knn,0.38,0.12041594578792297
D_subspace,1.0,lof,0.44000000000000006,0.12942179105544785
D_subspace,1.0,subspace,0.26,0.10839741694339401
D_subspace,1.0,subspace_max,0.8400000000000001,0.06519202405202652
D_subspace,1.5,cad,0.11000000000000001,0.05477225575051661
D_subspace,1.5,cblof,0.18,0.0670820393249937
D_subspace,1.5,eif,0.13,0.09082951062292473
D_subspace,1.5,knn,0.5599999999999999,0.06519202405202648
D_subspace,1.5,lof,0.6,0.09999999999999998
D_subspace,1.5,subspace,0.5,0.06123724356957945
D_subspace,1.5,subspace_max,0.85,0.07905694150420943
D_subspace,2.0,cad,0.09000000000000001,0.07416198487095664
D_subspace,2.0,cblof,0.25,0.06123724356957944
D_subspace,2.0,eif,0.11000000000000001,0.04183300132670377
D_subspace,2.0,knn,0.65,0.07071067811865475
D_subspace,2.0,lof,0.6900000000000001,0.06519202405202651
D_subspace,2.0,subspace,0.54,0.11937336386313319
D_subspace,2.0,subspace_max,0.8699999999999999,0.06708203932499365
E_contextual,0.25,cad,0.0,0.0
E_contextual,0.25,cblof,0.030000000000000006,0.0447213595499958
E_contextual,0.25,eif,0.01,0.0223606797749979
E_contextual,0.25,knn,0.030000000000000006,0.027386127875258306
E_contextual,0.25,lof,0.05,0.06123724356957945
E_contextual,0.25,subspace,0.01,0.0223606797749979
E_contextual,0.25,subspace_max,0.05,0.03535533905932738
E_contextual,0.5,cad,0.0,0.0
E_contextual,0.5,cblof,0.01,0.0223606797749979
E_contextual,0.5,eif,0.01,0.0223606797749979
E_contextual,0.5,knn,0.030000000000000006,0.0447213595499958
E_contextual,0.5,lof,0.030000000000000006,0.0447213595499958
E_contextual,0.5,subspace,0.04,0.022360679774997897
E_contextual,0.5,subspace_max,0.15,0.03535533905932738
E_contextual,0.75,cad,0.06,0.0651920240520265
E_contextual,0.75,cblof,0.05,0.03535533905932738
E_contextual,0.75,eif,0.04,0.041833001326703784
E_contextual,0.75,knn,0.13,0.057008771254956896
E_contextual,0.75,lof,0.14,0.05477225575051661
E_contextual,0.75,subspace,0.08,0.0670820393249937
E_contextual,0.75,subspace_max,0.39,0.14317821063276354
E_contextual,1.0,cad,0.26,0.08215838362577489
E_contextual,1.0,cblof,0.09,0.054772255750516606
E_contextual,1.0,eif,0.13,0.04472135954999579
E_contextual,1.0,knn,0.19,0.041833001326703784
E_contextual,1.0,lof,0.22999999999999998,0.0570087712549569
E_contextual,1.0,subspace,0.22999999999999998,0.04472135954999577
E_contextual,1.0,subspace_max,0.5900000000000001,0.151657508881031
E_contextual,1.5,cad,0.53,0.0670820393249937
E_contextual,1.5,cblof,0.5,0.1118033988749895
E_contextual,1.5,eif,0.48,0.1036822067666386
E_contextual,1.5,knn,0.78,0.09746794344808964
E_contextual,1.5,lof,0.79,0.04183300132670377
E_contextual,1.5,subspace,0.86,0.06519202405202644
E_contextual,1.5,subspace_max,0.9,0.07905694150420946
E_contextual,2.0,cad,0.79,0.12449899597988737
E_contextual,2.0,cblof,0.73,0.10954451150103324
E_contextual,2.0,eif,0.74,0.15165750888103102
E_contextual,2.0,knn,0.89,0.04183300132670378
E_contextual,2.0,lof,0.9099999999999999,0.04183300132670377
E_contextual,2.0,subspace,0.9,0.05000000000000001
E_contextual,2.0,subspace_max,0.95,0.05
